Stage,NodeId,UnconProb,CenterCoord...
0,0,1.0,69.95461201717458,3.2179919798446392,-2.279212332451554,-0.5545832323646019,0.11788951560994435,0.36393844897111066
1,449,0.00293,91.4590594973424,1.9753982549494802,-5.403567594656,0.04873675535514449,0.2765524676916071,0.31875883295926044
1,505,0.01134,59.53196480043437,2.953189162010381,-0.9242389859970732,-0.3219034368729205,0.07471872364848403,-0.11490339025602858
1,498,0.01601,73.167317964308,3.1755695707936544,-2.563997599921525,-0.7350731653205805,0.04587214413978101,0.05703542995868745
1,666,0.01407,112.77474338992859,1.3378050182697454,-2.37499352637069,-0.16959897679582725,-0.06345441798076504,0.08321543739071907
1,85,0.0171,95.90068402930252,2.2607502638249146,-2.707250885444866,-0.20503165489647582,-0.2531509491043778,-0.11079945543850901
1,204,0.01137,90.85349080626357,2.2321258333822387,-2.8508175481818765,0.3890180210734092,-0.12357922904022364,-0.12954777015884136
1,120,0.01578,77.63689287865371,2.8675294677441654,-1.173268225611532,-0.13018932495120894,-0.060041721718858576,-0.13031411758319011
1,190,0.0084,122.4813726582935,1.9771312193443773,-3.0721202575423994,-0.3871790367933329,-0.07264700815036396,0.006027143486825985
1,288,0.02478,102.50802710673587,2.057359485841821,-2.146631691072551,-0.3959745657026649,-0.11599089069965059,-0.03998058859815948
1,358,0.00856,86.80017375130886,2.294124461593949,-3.111305750893544,0.5241905792120599,-0.08082348108218762,-0.06025218927662799
1,442,0.00564,85.38895161834837,3.0839330406979366,-0.07631260583581526,-1.458835391780936,-0.11898352135281981,-0.13741354840794573
1,351,0.01137,80.41511201012261,2.837790727239197,-1.1534681806345646,-0.42987843656768915,0.02895569355063862,-0.15032902570801115
1,337,0.02483,66.5079363764376,3.146221343105759,-2.023890620915163,0.3739974899316593,0.041498848609226896,-0.12862408530878966
1,589,0.01076,54.23128948995322,3.653078387391304,-4.199721429445407,-0.10853254106405821,0.26980572977502254,-0.08598360295219719
1,197,0.02723,72.51641503535828,2.8857413869677977,-1.2056723155901181,0.2096009291101406,0.010806300554238585,-0.1660995116387254
1,71,0.01661,84.00029382562377,2.572157303172985,-2.7658263768133526,0.2792538402743477,-0.07702120438239002,-0.11899584795473246
1,50,0.01642,117.0727514740815,1.4983646121396192,-2.3577720808553493,-0.7271083756156007,-0.09334510322395728,0.09192813205994277
1,29,0.01089,68.37379172081651,2.950815323323443,-2.803002852428702,0.29599626845592764,0.05932990515391473,-0.2848384235357792
1,267,0.00538,80.65416908849825,2.6154276253239193,-3.362365195680532,-0.3024276840793098,0.06430541018444476,-0.14167941684670757
1,428,0.01073,100.06230477655564,2.3058244325819066,-2.724678353337804,-0.713277618398896,-0.2809968147701277,-0.0026997910373170557
1,519,0.0084,86.52590385986531,1.841410628341183,-1.6967905787128446,1.1273085926777242,0.11957181619114997,0.07356759615663994
1,512,0.01082,82.62852097799906,2.6653646829457114,-1.729905939713059,-0.8957675637842416,0.13815630518564675,-0.1389039047161191
1,106,0.0192,85.71188637870851,2.2398008890284324,-2.885245322370074,0.15657657112431422,0.028770251482386988,-0.05329471730377336
1,239,0.01063,86.90308452791646,2.622627817902976,-3.6907171796418416,-0.6764168258040193,-0.052406750626500326,0.05054742845728118
1,687,0.00295,87.8613905186259,1.912950977140323,-4.033770069262201,0.8892138963282935,0.20133411095775383,-0.1723518670247718
1,22,0.00568,90.69700686289728,2.9585842739372312,-2.6835510514215675,-1.3375400017242942,-0.013801232586416128,-0.11991350442651783
1,232,0.01388,75.88554067114906,2.683372847666486,-0.690270050883233,0.4365945121326936,0.08292861843763769,0.01017827368105556
1,162,0.011,89.67930558142915,2.010676232769057,-2.4326914866798868,0.7601711387738564,-0.0460122099616303,-0.08943181261557638
1,92,0.01625,97.1609989389414,2.0434286185834436,-2.396955146413166,-0.36299018046941545,-0.18863530390389213,-0.06159413538880406
1,617,0.01332,88.73134704491203,2.367110232566409,-2.943254694873414,-0.013076196056537301,-0.07474523568408897,0.018308373470218645
1,134,0.0193,105.14830746474388,1.709274855505988,-3.0660097189350575,0.025063179078053145,-0.015096928862633238,-0.03772722950930163
1,645,0.0027,90.4064675250657,2.0021821357191607,-5.531868608956096,0.3607052706955528,-0.18302565735722331,-0.10009086800420153
1,141,0.00542,104.14396085153301,2.2489464600007065,-3.750804659585442,-1.2080816163123491,-0.27575086172432817,0.07084643581193431
1,533,0.00547,55.76688452012173,3.593474890372872,-1.1380190453363446,-0.22503902113973204,0.07633069770443833,-0.3106715261403345
1,211,0.01052,95.7886837796107,2.2593453674658863,-4.549339830986417,-0.46428513893166395,-0.14430482314156734,-0.038511281541684525
1,547,0.0108,87.61437730709817,2.4681888011879587,-1.323099409092981,-0.47644236939313844,-0.03609883541203894,-0.07746605397477209
1,295,0.01318,93.03636756762991,2.2394167443940347,-2.5623206648581878,-0.9949278270357418,0.14681391097362861,-0.18970660281564417
1,393,0.0163,69.17606879590625,3.044381554572326,-1.3364257447048353,-0.09939011861593075,0.07891765380714538,-0.3541742875316225
1,624,0.0244,102.18462514474562,2.02626728088301,-3.922421494949288,-0.7764028234248447,-0.08426945056886506,-0.09520660839646625
1,316,0.02745,75.75812877795246,2.946892889645072,-2.025944634090746,-0.1435393831695655,-0.08649484635804446,-0.04906740989690893
1,183,0.01625,100.80360800813563,1.7700353767663757,-3.5870355356267885,-0.2524046075747767,0.00853585090075229,0.07737029555432831
1,638,0.01922,82.76893418056261,2.3777190748349435,-2.355627578875075,0.44298076338530834,-0.06685554662593612,-0.043547944448179124
1,484,0.01942,74.3943949035698,2.8592819004977454,-2.6431726411969203,0.4804613771491081,-0.10896339745741754,-0.3111221553678988
1,302,0.00549,89.69606846028124,1.741338491428429,-3.243089576565919,-1.0317619871612451,0.06909197061978464,0.10249473312317016
1,57,0.00287,84.4379693603404,0.8717603010424105,-2.985633066729968,-0.9941752052955063,-0.12263012366288706,-0.12196604315750834
1,365,0.00276,76.67245133499219,2.566903870688467,-6.262119183440621,0.3071347396464995,0.044247736028735773,0.13027367126440276
1,309,0.00801,95.21923238888331,1.71686057097386,-1.8316933187659836,0.1968407211136977,-0.0752958463047413,-0.1468534141491219
1,274,0.03111,79.0624188049823,2.8284645129612307,-2.132784953454727,-0.17754490842852558,-0.06010637542924174,-0.16080358449262427
1,631,0.0115,104.42116958956737,1.9012863822591015,-1.4714804751109916,-0.39451994772772997,-0.1542642243284541,-0.050119798108180014
1,575,0.00554,66.84422846759661,3.163560204703638,-1.5092767257659807,-0.6867101056603606,0.07686321414814315,-0.15522829945630495
1,323,0.00547,95.24037012580695,2.0550488059611176,-3.5033198136436217,-0.09752716439780418,0.1414755520969202,-0.043719881968110795
1,148,0.01432,79.09954580252061,2.4452093813326803,-0.8515894707862736,0.4700066171634843,-0.058002359184195405,-0.17825605215328347
1,379,0.00804,80.99935974691816,2.797339762849244,-2.100084675377688,0.4537568330076959,0.015734569150575608,-0.13889518839266543
1,526,0.0029,89.37325016016858,2.234047067341089,-1.1535871509356281,-1.2699598444919653,0.14910593760701293,-0.035585188187945926
1,477,0.0027,95.7247033437515,2.2782806627289522,-0.19047518588806514,0.031459482773835756,-0.14113820532723415,-0.08367074631658822
1,659,0.0104,82.10231179955483,2.745743258560381,-3.0654387240551664,-0.5435847593480679,-0.062297642506477444,-0.09699005508134927
1,253,0.00819,107.85610532190059,1.6438275498915895,-2.9805694704664387,-0.42998686538843756,0.031661547620134234,-0.07272276720684283
1,414,0.01357,77.09156578438414,2.7432823062963103,-2.9190851127057695,0.29980983550745977,0.0893463057071883,-0.10893861167191159
1,15,0.0085,99.81622712374936,2.2509711280006224,-0.7950731670909275,-0.557163602037693,-0.3318467972292259,0.08317166790983188
1,407,0.00839,80.71900085586361,3.2849837454402175,-2.800621633188758,-1.3950608119454684,-0.19971093360970102,0.166458140536717
1,113,0.00502,98.52134542458288,2.1816293792349253,-1.4077230290330578,-0.7167876057760079,0.07583211119258279,-0.2743990228318146
1,36,0.01084,109.42121702690197,1.5037029970555056,-3.842210563443244,-0.7117979431585979,0.10400983788590572,-0.08952540335053125
1,421,0.00818,78.46435983775791,2.435933654351865,-3.088808529173238,0.7820770563890614,0.07924505172458679,0.12121791440572169
1,246,0.01597,71.27429976410487,3.0068753940414235,-2.53811738088511,-0.35640685084262624,0.07329886500413041,-0.2077487228246573
1,8,0.00877,90.65537591101791,2.5463338047786,-0.9025300706481875,-0.5001175594703349,-0.06873426394718578,0.16606204384786719
1,603,0.01319,92.03383389946518,2.6783763507384366,-2.4217260989585374,-0.21480824095968012,-0.16818522008081746,0.15070414755700026
1,225,0.00534,94.29622562847867,1.7113057341115532,-2.5874259697439843,0.6782214313351759,0.08802428569837112,0.19115931097590388
1,281,0.01381,92.51223245336134,2.248320802358938,-1.5876568947915581,-0.14823750212162692,-0.11839956948498487,-0.020416342149224498
1,218,0.00829,87.57477324802245,2.3489645686801053,-2.213031349966969,0.17787329584030181,-0.06841154881096212,-0.14199756815246542
1,673,0.00569,97.10791316990722,2.3837880365433146,-1.2384838522956665,-0.11515852970172019,-0.3501650310586618,-0.1567222351392382
1,155,0.00258,101.43035242366463,3.299493553959942,-1.2132424080212156,0.5498394977962835,-0.10342794033358804,-0.0841593550351385
1,127,0.00596,70.80685855726658,2.9148563086559602,-3.906687818522816,0.035780450421776855,-0.02595500855204613,-0.30376997630103786
1,99,0.01033,84.94625144109496,2.431855696029495,-1.6922332769405657,-0.11186254555152336,-0.1588887508392685,-0.24515758189236886
1,554,0.00568,93.97265862303013,2.0982896791421517,-4.125684550039764,0.09558940848581912,-0.09925070534292867,-0.44577351258668385
1,456,0.00568,88.29135691618602,2.596505428541846,-3.9756928304282,-0.7014447488703697,-0.01955082660718189,-0.11496247576621689
1,169,0.00821,65.31028518479205,3.1422334374093577,-0.5354535940047219,0.5555421326585044,-0.14475137072317837,-0.28459522004634746
1,260,0.00813,83.52863758339154,2.1079467951402617,-0.5183380678064105,0.28421222541912067,-0.274067775309119,-0.05749707955893053
1,372,0.00506,66.29459487145235,3.2620591802586376,-3.598324709481719,-0.34226137518705785,-0.04847709124222961,-0.058751071131276186
1,491,0.01343,61.83142725536543,3.262958329019646,-1.4573138368786924,0.595730902485413,0.04135901842492549,-0.18920740399166766
1,610,0.00289,108.7355965673973,1.698284368777556,-0.37193615088602666,-0.19546418257353518,0.05086437343669048,-0.0111709743924846
1,596,0.01331,91.84859610786111,2.512500609283471,-3.484522624730767,-0.7881837541606816,-0.05923719072779385,0.02778055039862564
1,582,0.00801,98.45437976765288,2.0669811076202347,-3.226218939136099,-0.5699290208149301,-0.1650506044866106,-0.2142117976419915
1,176,0.00516,97.97906444129616,2.2562246453927925,-4.5489732013427675,-0.8255664357859502,-0.12226008039558889,-0.11316465282964697
1,652,0.00775,99.52369588749907,1.9496860791082584,-5.079677353922474,-0.45300227354679057,-0.10481789585619894,-0.07180197739936761
1,435,0.00842,64.30554313420954,3.0830153502701094,-2.1837733711691265,0.17633448252275233,0.22009970410089613,-0.16015383634291466
1,470,0.0106,58.08308487770623,3.2504061785367155,-3.83303727485798,0.29864629529359926,0.34602026582912015,-0.14664551410770038
1,561,0.00902,70.2359071668827,2.8675663283277757,-1.7000596315577337,0.6255072691313153,-0.011543040688916907,-0.2607259623513282
1,1,0.00857,98.30524380443248,1.7961914717765386,-1.9123797497180195,0.3590191546825526,0.03889804121779541,-0.07941111098045243
1,680,0.00543,106.07884132522814,2.0465787776969084,-3.303020497437815,-1.5093052238861713,0.1746132008062794,0.08964376711109025
1,568,0.00264,80.0291018325285,2.190472779450155,-4.355860680439954,1.4173441683118357,0.07509116566195201,0.22460115938241093
1,540,0.00506,87.12157983683737,1.980539610511041,-5.263858482616072,-0.0627273632602877,0.33250115516960144,0.13286340602722346
1,386,0.00275,84.31384409708565,4.110243129197301,-1.966824492422309,-0.3273822169120652,-0.07121533983807593,0.26318726195662234
1,43,0.00296,94.13083331569524,2.4915818586251257,-0.8719881401509668,-0.6823620775342684,-0.03364041864578948,-0.04878352766771177
1,344,0.00268,81.17580602075824,2.792951875113286,-5.572634049296527,-0.8823079379118312,0.16310824708902205,-0.05897251392431302
1,330,0.00284,85.75598275045952,2.5774664723808876,-4.828787369464312,-0.0544450652062522,-0.07243375455222117,0.08003356428254593
1,78,0.00293,102.4375723221979,1.9470282548769056,-0.2959468510375591,-0.5966257716585822,0.1550878860167414,-0.20662278683478394
1,400,0.01078,86.27570527710704,2.638922756642842,-2.6511080470678783,-0.7847300863778035,0.09546707832302548,-0.12487471317877641
1,463,0.00275,84.93845170827635,2.4350870267368383,-0.2431878689695347,0.31255188916674687,0.024689216958346187,-0.5611217182466246
1,64,0.00277,69.13596932543015,3.179023537395676,1.2174800584399912,-0.6583297526622577,0.03423243622370381,-0.060521111658814686
2,373,0.006130000000000001,82.87446411704026,2.3768775953733714,-3.963341102057755,0.28063077038451395,0.012021959597513709,0.06478480411076903
2,212,0.013269999999999992,85.45474350775329,2.3544676634663393,-2.3050736760846724,0.34253196891383736,0.030462046068740256,-0.018011137116865077
2,184,0.008699999999999998,106.4466569406918,1.860049794975197,-3.5903820656990897,-0.5565270898019886,-0.12450014170545455,-0.014377252129907783
2,317,0.004960000000000001,76.23451845526412,2.5921529318255496,-4.120691520621104,0.45458880656304684,0.009704075086411834,0.06860987488845868
2,387,0.00901,101.11149355031128,2.1237250315085623,-3.7152997989118117,-0.4001109711786378,-0.15517785137775864,0.054719077607333
2,625,0.006889999999999997,93.57043757718601,2.010621691141304,-4.040417055390012,0.10296411945480896,-0.1154442885815867,0.04573901393955408
2,527,0.008069999999999999,86.62968494530868,2.6313429292049126,-1.5124320259049513,-0.7719027199172561,0.003392911996612463,-0.03864947429236897
2,541,0.004000000000000001,90.29302277306365,2.259976903647451,-4.862318398473082,0.013568426843297867,-0.061822281818440974,0.05731381517075042
2,156,0.011389999999999999,109.64976299893173,1.6451489401910897,-3.0393718626100714,-0.43027995401660896,-0.1302873532531129,0.03731634579179729
2,513,0.0071200000000000005,98.45230048088563,1.9807551737528577,-3.943143959796569,-0.08434949997195867,-0.14844751200598785,-0.08282022886957578
2,100,0.004300000000000002,85.70027784547308,2.173664049416767,-4.6292232728989555,0.24631627912204604,0.14487240438405133,0.20836604171651613
2,324,0.00498,79.72678574321984,2.642512791580915,-4.416603410552138,0.2506351880789657,-0.0465281105122903,0.07326073206686115
2,198,0.0043300000000000005,72.10453341125678,3.124007108132292,-3.834723106052073,0.30103746858285485,-0.08889836756478248,0.04737592289808016
2,345,0.011790000000000002,77.43977067102212,2.7344831776007577,-2.4153512482959107,0.326379748601864,-0.08993782283742541,-0.05579176258624137
2,639,0.009559999999999999,103.64382342246813,1.8763263036887146,-3.4623987412732933,-0.3505444434467443,-0.1091140508569563,0.09839098184283057
2,380,0.00831,72.71472639261768,2.7168654273612893,-2.3894094318677332,0.7657233189010507,-0.11060264534293304,-0.017457373860450744
2,674,0.011349999999999994,112.16642188631207,1.4843591207236468,-2.7552361425686076,-0.3535315100761969,-0.02681619571421717,0.0811968581121127
2,30,0.0060799999999999995,68.90181562794912,3.1399893365237834,-3.4972398185481177,0.22267600205265142,-0.04671549184163626,-0.05546730294073306
2,93,0.009409999999999998,96.03118587517638,2.0081302013741116,-3.400043246799133,-0.24130908852923674,-0.02876362227585183,-0.0017601190519589624
2,23,0.010159999999999994,94.9811156303179,1.9099858886215153,-2.0675959196124345,0.5209131875890493,-0.12169374380886841,-0.055888604181681636
2,695,0.01249,83.51031064162545,2.381230416841486,-1.601560254826593,0.7031399883237011,-0.130633377253848,-0.004439147625385498
2,114,0.0065899999999999995,58.592940296529676,3.357656452162946,-3.289990189679548,0.15761781991751564,0.16708329174627112,-0.09435653525256128
2,338,0.01061,61.99422757237104,3.165421951838442,-2.2029843566626903,0.3027384350007249,0.12837742911961494,0.05160383787032936
2,485,0.010369999999999997,87.40990927437892,2.423442113928879,-3.0523617940632004,0.23059288209062623,-0.05942175287561963,0.051123603863402985
2,149,0.014169999999999999,79.31217676191315,2.435185419819397,-2.0832431971533323,0.19459125940798244,-0.002312659478844452,-0.10676789251809266
2,296,0.008349999999999996,113.09904038116369,1.651938946851959,-0.6296049830111224,-0.20069523617556573,-0.117324752174301,-0.010280295912696358
2,226,0.009589999999999996,114.81656231314825,1.5301336232651517,-2.5186617700579332,-0.2585218008213266,-0.16724121174645823,0.026066060165127497
2,415,0.005079999999999998,64.91557565228263,3.1476961124085823,-4.062999942033713,0.3764454951045188,0.014521156473801658,0.05387613915510699
2,254,0.01153,90.87299496833865,2.3943410510506333,-2.7099939182444297,-0.07024892025076512,-0.07995708244352706,0.1943593113829959
2,163,0.010920000000000003,89.16031836495164,2.2674583883055885,-2.7959477730451257,-0.021306464569789706,-0.013381631875180985,-0.028081852067807153
2,37,0.014509999999999999,81.1125885554543,2.6266283496439953,-2.4243907423480175,0.19658292763298013,-0.09760283482227614,-0.020994113194986133
2,653,0.013900000000000004,103.24631722876317,1.8851593168594698,-1.7250620858468315,-0.125949419686512,-0.19231711807161062,-0.0018273406588467725
2,443,0.00565,54.673028443101984,3.561437945958737,-3.3535275573001067,0.37606869972674944,0.22316528759282658,0.08569076294276937
2,429,0.0127,73.50210706739121,2.864484253990284,-1.130191689836998,0.004924385494567175,-0.03234559311237024,-0.05621104911161304
2,303,0.008559999999999996,121.97598341662618,1.5126176923401313,-2.0843305578830362,-0.18252719269890427,-0.12297598651596249,0.10018839978467677
2,590,0.009809999999999994,66.94021826434091,2.9777802114973335,-1.9688097796886925,0.10297287842800783,-0.04436893637896576,-0.13435612017598372
2,142,0.009759999999999998,117.78664310914378,1.3690965929808225,-2.457206138660683,-0.4130565153370903,-0.07608679478121469,0.0031837746652530518
2,401,0.014729999999999997,70.83188381761687,3.1175118377221467,-1.4620060225371296,0.4707890837970937,-0.10729324025422912,0.006644084512349404
2,79,0.013889999999999993,105.31756058755711,1.7985691210790633,-1.9875514316947749,-0.036588780298528814,-0.17927023202280537,0.03681460240001417
2,548,0.01671999999999999,99.39444513825593,2.0133205647045136,-2.139680330577392,-0.05630225354239565,-0.140137186145984,0.045260586620469064
2,618,0.01097,88.12028730549876,2.498167930526652,-1.5746291078609223,-0.2838936371750329,-0.09198651494392567,0.10940998346114257
2,660,0.011929999999999994,62.994748833249155,3.3512231077609846,0.0166119569690637,0.40978644915471346,-0.16155706293401498,-0.03478203638572132
2,646,0.01187999999999999,72.2005446221773,2.834986642956555,-0.5785243871796346,0.5489447922187375,-0.053220944645623124,0.06275732169826381
2,576,0.012769999999999997,74.68437583006656,2.8391361464572045,-0.3812188937279046,0.5278618564806067,-0.13691251559303375,0.03627073067520137
2,72,0.013420000000000001,60.396265570355226,3.3362749776306893,-0.1903233937625598,0.46521780000491875,-0.08075622372275107,-0.030516837394090876
2,555,0.011649999999999997,82.80425252209551,2.656948946421943,-0.49541404178664167,-0.11838762050295135,-0.17464554122938875,0.018801028579273
2,562,0.01481,79.93381219232808,2.651157205083174,-0.7137022279702988,0.03655940489891789,0.01998273500298595,-0.014280966062667256
2,457,0.007999999999999995,65.41876440690285,3.2364133837933133,0.6171829068031406,0.3578190645487136,-0.07286785811321733,0.1054369399558881
2,667,0.011319999999999995,89.916801274045,2.4909605693688337,-1.1380898332012581,-0.5347886097526745,-0.011201147972638058,0.0887169503364269
2,128,0.015219999999999994,76.2604072471219,2.6772004403021024,-1.0410259008703577,0.302547878117457,-0.09417827856328516,-0.0074821319734573
2,177,0.009639999999999994,70.8700117938957,3.1406348893472766,0.5780151315634667,0.25149611128288774,-0.05868888960614089,0.10981836180617147
2,464,0.010159999999999997,66.83561148452172,2.95327608439314,-0.4587494972438106,0.7623750749543169,-0.0930089664852095,-0.06394942393215425
2,170,0.012609999999999993,64.79533782346665,3.0485006403713135,-1.1361490933578613,0.52559388213744,-0.04476552439729975,0.06805386950283679
2,422,0.009159999999999996,108.8910473847375,1.9524996078693069,-0.4027142423156785,-0.2754900341211123,-0.058298654922121086,-0.01966813005400331
2,408,0.014659999999999996,101.5431341451124,2.006672462283275,-1.8768079225042027,-0.22721957503306223,-0.1818705479281109,0.12974647218360072
2,534,0.011929999999999996,97.40091513261136,2.2369307654420125,-2.3892664603487197,-0.3640886567525939,-0.11606810763979428,0.03955607954301293
2,366,0.009249999999999996,68.64452037211267,2.75947284288582,0.3516696998787829,0.5191822408043224,-0.07330262065741715,-0.0669241183487573
2,86,0.014129999999999997,86.67364347446618,2.2767702324424057,-1.1778896356534454,0.4724385432242992,-0.09877072197424759,0.015979341740069417
2,331,0.012919999999999992,75.0157045066159,2.967724012679622,-2.1215343276582326,0.05129687626647199,-0.19499935591262532,-0.19561739565403474
2,58,0.01078,93.82568453164846,2.5301092041189577,-2.2493534853706607,-0.4330118963917948,-0.10990198760384194,0.23560909033224942
2,492,0.008790000000000001,54.37471363962865,3.4256589575678693,-0.21140450728710505,0.5710492030864003,-0.1116569926014772,-0.05067904759912477
2,247,0.007999999999999998,50.23465983078357,3.6737207912631957,-1.6713436325481812,0.3364504865440733,0.04537355820695605,0.002848121682053416
2,268,0.007949999999999999,81.10607079346089,2.847704366719857,0.7285093524916675,0.06618922022428944,-0.18164579313428508,0.10137501518750797
2,681,0.014759999999999999,91.01591817328348,2.1576963364466346,-1.318612668226432,0.28545829695499153,-0.07071174680248882,-0.09184791108723317
2,289,0.013340000000000003,85.0161460548077,2.63968551787455,-0.6703116145260953,-0.29991088395599674,-0.024629105939571457,0.03646618544424221
2,219,0.00721,73.36280821842801,3.036813167697007,1.006679940861723,0.31493110185638334,-0.07750909469321315,-0.017654924055905633
2,205,0.00478,46.09303978103778,3.709427689113445,-1.572731986879893,0.42511865817151373,0.047702164091508605,-0.0028820668671014106
2,604,0.01371,92.32790586544097,2.1166962585689095,-2.305304919257162,-0.03403851147291293,-0.02590401736868548,-0.09597996490951945
2,583,0.01615,77.8240769557819,3.00516574644998,-1.0056772044806703,0.18060296599356063,-0.1358212071874006,-0.013470542642054186
2,240,0.014889999999999992,68.978459195889,2.9111493017851355,-1.230109409522367,0.3934674219341069,-0.047198752249757815,0.006915039666836526
2,499,0.011330000000000003,96.5923502667447,1.958503698367171,-1.4247162580521915,0.38491431570128376,-0.11660258617764817,0.030735626380834442
2,394,0.009350000000000002,90.4320632059792,2.2973062309223353,0.6074317203945943,0.08276898655584498,-0.09781242786150929,0.10394505674337835
2,520,0.010039999999999997,88.03034936309457,2.463893880942037,0.33475679417512055,0.10398550717402721,-0.07315912001496848,-0.08484443381219599
2,9,0.008639999999999998,106.58881116474134,1.9587590411626123,0.13490402484933053,-0.14086748686750142,-0.13223406057721412,-0.08579495593275727
2,135,0.011479999999999999,88.87636878385993,2.281983793899322,-1.0665214027973398,0.6615867832767852,-0.21196363705012244,0.009324382406924112
2,261,0.013039999999999998,107.44929560866436,1.8108868626969028,-2.041370149742689,-0.09681178621071296,-0.07758272417987631,0.026092734244713922
2,471,0.010809999999999995,57.389528842091245,3.483381567013348,-0.5526462711121481,0.35589183247515643,0.04685111902187849,0.01835932099050654
2,65,0.00855,86.03506303431392,2.5733879820865986,0.4333694719972259,0.015826227167931604,-0.1099710425934851,0.08899510512074929
2,352,0.011029999999999996,76.38965030853798,2.748659781028275,0.633119744095348,0.39465004163493,-0.1303540277579948,-0.04838419444538854
2,51,0.014189999999999998,81.43431003926159,2.7332736034912597,-0.8678455163923029,0.34006251414756666,-0.12871191864031983,-0.013230200240937661
2,121,0.009599999999999996,82.6724691191601,2.718487341369219,-1.7825877922590638,-0.29645638571716987,-0.02309162082033186,0.0678489316556853
2,2,0.013859999999999994,93.10153932396912,2.034969846488455,-0.9928270909977325,0.3187951681742271,-0.08990241576105616,-0.013147678569986953
2,436,0.007369999999999998,83.82145160878656,2.471111225930317,0.9844884835236482,0.3144643563649898,-0.1368042988462451,-0.077832015939195
2,275,0.009640000000000001,79.07341383003688,2.7903240785602974,0.6051349510447673,0.056871895442102624,-0.14816116809309057,0.09315233120058972
2,16,0.012309999999999991,100.25960546252901,2.008955888964204,-0.38421335978157894,0.06045537785356243,-0.11527249771061478,0.04423288163583057
2,233,0.008679999999999998,96.77444311624478,2.229069531967897,0.4547389852011145,-0.3765664774677029,-0.19361713796278351,-0.020401308571942597
2,569,0.013539999999999998,98.38036895694944,2.188138451311452,-0.7810107627015425,0.01382374331122544,-0.096198386794645,0.09196685147320412
2,597,0.008639999999999995,110.76076615643899,1.8567024780709074,-0.7277953328427488,-0.0019071680701722368,-0.27052786083040786,0.04974096947011319
2,688,0.008009999999999998,104.05889241691528,1.979335524505046,0.1562375350287447,-0.26902795788827455,-0.1363632991944888,-0.06674178829201358
2,310,0.008059999999999998,102.08234620661658,2.1068201840637246,0.11859410980660834,-0.2980691154823577,-0.2031524267549915,-0.03089517282593036
2,359,0.00858,92.51661987429364,2.4796729903399517,0.4705329498022924,-0.25602404279532676,-0.16625056073869943,-0.030182107017644986
2,282,0.010309999999999996,95.87671267788855,2.358087880111335,-1.7942640016435512,-0.42435012611283923,-0.2281761027844385,0.09888264748274875
2,506,0.0017800000000000003,40.09489874257582,4.269003255893827,-2.5813014726874877,0.17410682488338414,0.06679053785555623,-0.03272449773717377
2,44,0.012279999999999992,94.50554432667228,2.2074760498270813,-0.0061627527364663676,-0.17956440461319542,-0.0937836413894699,0.0643823502167299
2,450,0.008770000000000003,84.13417204115389,2.936448485409392,-2.4504966004095072,-0.4077155651285825,-0.09826422264916455,0.09630555534189011
2,107,0.005939999999999998,115.43166293000091,1.592142294529471,-0.16998070170051877,-0.3731130906728025,-0.2139760016824934,0.017042749413135695
2,478,0.004530000000000001,130.12983199715228,1.4472962417598585,-2.077501810773196,-0.4971784640401684,-0.08960606325943292,-0.008418497984845518
2,611,0.005100000000000002,119.22777407151806,1.701480516622952,-0.0443642865158376,-0.4473556018688811,-0.22088290383737932,0.02428258709182908
2,191,0.006370000000000001,125.49009706789936,1.3440148652849948,-1.4086614281002967,-0.44800644639690357,-0.19892248294462841,0.1339045169168549
2,632,0.0016400000000000004,137.1549458379943,1.3288707827148782,-1.680700885482615,-0.37585559823095765,-0.12642104278313024,0.057500391303575496
3,556,0.009189999999999999,99.64554977393088,1.9693963363780653,-3.160292107409181,-0.18009042684876633,-0.20104739611858835,-0.004901074871318162
3,696,0.006879999999999994,96.91858859320983,2.1605450911541544,-3.9021567821084715,-0.014021861971697337,-0.22629224296563716,0.02582793778183128
3,59,0.00515,101.98742889141982,1.782964852713621,-4.087468968112277,-0.19319042574936046,-0.06726870182849344,0.0337397603115849
3,535,0.013719999999999996,100.39930200287222,1.7657571536574383,-1.7162276797968505,0.1491252162921025,-0.10733790452305525,-0.03182385378143607
3,248,0.01377999999999999,106.03934817805681,1.67777650489161,-1.4157557332324184,-0.043335121406933366,-0.2044394780458178,-0.10590901913849342
3,514,0.0058299999999999975,76.56749002175808,2.780140429272509,-3.6863435163240883,0.4994863222265317,-0.1057607647933855,0.06672979376022496
3,171,0.008229999999999998,67.12475735492515,3.263718882758122,-2.7740651018782576,0.44260100967473676,-0.013478706800827179,0.07321928847875764
3,255,0.010359999999999992,107.82564082961277,1.7336379212833086,-3.3566167688785153,-0.3628886136284008,-0.041211694608384204,-0.03514931564693711
3,339,0.011439999999999994,87.04311906161311,2.373820092530709,-2.378030740649899,0.3427497303837005,-0.14413550533997818,0.034100434866728195
3,332,0.013749999999999998,78.58534416508635,2.7014219334899754,-0.16176837765982346,0.2962663651101052,-0.146389723771148,0.0054124441574355045
3,129,0.013039999999999993,85.12331873061409,2.5264226694296736,-2.1330709264077057,0.17856965089852933,-0.15588272399404166,-0.05782052537993236
3,318,0.004339999999999999,83.42197231171659,2.4403497944442396,-4.1612948643050975,0.1719902683663706,-0.03199325725704284,-0.07325826518519378
3,360,0.010939999999999993,69.08433046614915,2.7910513671900987,-1.0163665546828202,0.3736537021771259,-0.09715072535437107,-0.061345477360166406
3,374,0.007779999999999997,94.11263010401797,2.1688522756746336,-3.5164429464731715,0.03899282225989939,-0.20426150229764958,0.0401408921235377
3,472,0.008459999999999997,89.37320996213919,2.01350022741269,-3.406672144673116,0.03815349881652999,-0.06693422367121557,0.08396551819497142
3,367,0.004710000000000001,64.44206293491281,3.3408979780004477,-3.1149231735593346,0.51234786823779,0.04528665886836382,-0.07082191627886271
3,150,0.009599999999999996,93.41530358196943,1.7276438481448928,-1.6879497683746443,0.6811419111374218,-0.035306672507029915,-0.08785512308834595
3,38,0.008869999999999996,82.89043222998261,2.428064311289822,-2.238249454607531,0.648275148102314,-0.14254292037033725,-0.003587676603163144
3,633,0.004179999999999999,86.77064477212359,2.390644453329007,-4.322799026524461,0.12092963984520629,-0.15569128738137497,0.05191883500897365
3,178,0.015729999999999997,86.41938371483914,2.6322440201071435,-0.5704514380570646,-0.1791212194406506,-0.15440573300120042,0.008760530711893765
3,192,0.01079999999999999,80.76093392588952,2.447418450679339,-2.1150690895180078,0.5120119120124514,-0.02717298003884201,-0.08632158602759946
3,199,0.013889999999999996,76.75749986260142,2.6252505560776944,-1.0234352462867522,0.35503721939917515,-0.11935209974543545,-0.014098574107523978
3,402,0.011640000000000001,71.24077473630562,2.91677903348896,-1.294735041253628,0.4722799104370745,-0.08500701500140333,-0.03540422913377481
3,157,0.012369999999999996,104.81323712995832,1.9625752952424242,-2.706626417439286,-0.14884714627915285,-0.1479399487991643,0.048735574971070575
3,353,0.011139999999999997,117.88756307662148,1.6392089850489366,-2.2571211813294707,-0.5472008204841241,-0.0967178470410272,-0.0775738260970136
3,500,0.011589999999999987,94.0586487966523,2.657250604181527,-1.165659705930098,-0.44727819062730073,-0.21068904703025818,-0.017474267082234485
3,458,0.011319999999999992,94.71485386144256,2.197559540194937,0.5803973073658255,0.08567362038169946,-0.07530275483798551,-0.028368781214036402
3,507,0.0036500000000000013,79.83621105414197,2.2732700146738667,-4.41724217049127,0.21432977942545145,-0.12954794763826633,-0.026050509494562925
3,234,0.014139999999999995,95.75205579221745,2.0970322285742897,-2.014612374884683,0.24683058308068334,-0.10854441025246941,-0.03921488237324608
3,451,0.010499999999999995,61.78870707139007,3.1776310475885414,0.09088301070517535,0.7474909526747787,-0.031327796705449676,0.05299405129583064
3,577,0.009339999999999994,69.4861574593333,3.028252142544719,0.7697292235646293,0.5557209566441259,-0.09466979941062983,0.019967853703739324
3,24,0.014319999999999994,112.25000777430174,1.6096939962378478,-1.5329077320757212,-0.032326943855177495,-0.20706042038933406,-0.0015530112078053506
3,101,0.010639999999999995,75.07647219543355,2.6858040582953326,-1.7807146756599332,0.4422972383658839,-0.11920410756891686,-0.051712300294885535
3,423,0.0053199999999999975,70.10600391988532,2.994827994128928,-3.2994761140794857,0.26648192036648116,0.0839731613203111,-0.09742598083944026
3,381,0.013189999999999993,78.33400474623389,2.6844574283287197,-1.7962724255422133,0.1839863103606787,0.005053537241116922,-0.021595674955795847
3,31,0.006689999999999995,72.9699698137807,2.8518604794148077,-3.090828660779133,0.27353098130124737,-0.10144766732199391,-0.02118705523371875
3,654,0.007569999999999996,60.12603889840105,3.335662196950933,-2.766371429998521,0.5305536446596335,0.03906220569067144,-0.05722430910399981
3,220,0.008789999999999996,64.0077969899725,3.080523303618714,-1.3728900739952665,0.4501977491645052,-0.005099946707554406,-0.09480905278038465
3,185,0.014839999999999996,114.88963479867007,1.5561659001657189,-2.2526300482823034,-0.454838992264311,-0.06210237306232652,-0.005380055786768877
3,493,0.012489999999999992,96.8203487634714,2.457017036672565,-0.577879103980196,-0.41156229327871685,-0.05342790424040225,0.004774218236544878
3,80,0.011909999999999994,90.23254403484323,2.4020544236917303,-1.3371591771516904,-0.3046110492185001,-0.09923204326493984,-0.04986174282359486
3,73,0.014599999999999991,97.93632667343758,1.9550319721974507,-1.907173963918598,0.08960239974658514,-0.1621366556441644,-0.09029883713694396
3,346,0.006339999999999997,50.045886292833764,3.5669822791676378,-1.6533673920163923,0.6210430036050814,0.03868956944266125,-0.03340112139835972
3,227,0.016309999999999995,109.81128035187538,1.6839329916320507,-1.352312954083192,-0.4172133882130981,-0.21152939304670254,-0.10514116014689871
3,52,0.01399999999999999,88.3894405546413,2.5540407796994384,-1.5436715344792984,-0.006455216588257678,-0.10381000091295046,0.025502058221062114
3,297,0.010359999999999998,120.85199370807462,1.138963734922179,-2.1292228171265664,-0.4369444572830494,-0.007423320513968143,-0.0865797367838863
3,416,0.007329999999999998,91.85577010553831,1.8447708284018272,-3.4189788968363386,0.014859879300990864,-0.08184871195656422,-0.011428600148092546
3,94,0.01136999999999999,67.48722415958025,2.915439472591297,0.060409414060726384,0.49176287174077943,-0.09772246424189485,0.03714697637660163
3,430,0.011799999999999991,82.60075894765359,2.4168994432818316,-0.5553585170183319,0.6351669079375125,-0.14462489341222629,-0.027573169562607427
3,262,0.012939999999999991,73.26079171708486,2.963763985796529,-0.8878522615118308,0.47074680674969793,-0.08981302667363823,-0.042603073774055776
3,17,0.015329999999999995,107.66898655142805,1.7555219967780518,-1.0359860007256432,-0.051267170964574865,-0.19175984741627228,0.023416315061653335
3,388,0.008459999999999999,111.19183587699024,1.7280635331796195,-3.472306706800952,-0.4120759883153008,-0.17850930977439097,-0.018744802977638163
3,444,0.01513999999999999,80.31713744089618,2.562511529852733,-0.524086720245455,0.2019098882871725,-0.09900661352611699,-0.07037423175084133
3,136,0.014519999999999988,84.77358677116544,2.4348529823756597,-0.5174982156905716,0.42469403355530777,-0.11324146687839678,0.04987698739528966
3,542,0.012689999999999991,92.12731336194945,2.453076067761301,-1.6266418907482376,-0.23166826523438194,-0.17695271756222183,0.01194625651803833
3,409,0.0074899999999999975,74.10424038335209,2.896873199643362,1.299143316816634,0.6884081016378093,-0.06392605570009417,0.04139782371845403
3,647,0.01099,99.00560981419432,2.2670561038239683,-0.9698332270187382,-0.4009622215476549,-0.07292169400854337,-0.06691811567613065
3,87,0.007899999999999996,57.977892655269706,3.126833454920895,0.03712184524520172,0.44495890124561055,-0.06952946098797184,0.013752857603735534
3,563,0.005619999999999998,56.07858294149021,3.5761551535439824,-2.8517853753876095,0.3912888552993623,0.10100541916021315,0.009308310619268165
3,45,0.017499999999999988,104.3220317106769,1.9322360655557482,-0.7540660724364167,-0.13180759968132102,-0.12871593168965356,0.011447460917414285
3,626,0.0017100000000000001,84.54609122321277,0.7223077864219052,-1.091384725973712,-0.4498492356614595,-0.1095587472118855,-0.0501993413582327
3,689,0.011409999999999991,90.59542464608941,2.0847352382723496,-1.2602055897334214,0.7448646353218831,-0.17379235482300495,-0.007035554549971787
3,206,0.005649999999999998,54.12929059789161,3.3115503085054203,-0.22447385490366797,0.5343195286340904,-0.026395415787776967,0.03754738041800891
3,465,0.013569999999999999,88.35291335362751,2.0515050470778267,-0.41242653929268625,0.5268889472631103,-0.025435249078897708,0.03132258291795857
3,269,0.013749999999999993,102.75658154122118,1.944557056226036,-2.3559242342799136,-0.3039722260988481,-0.06159701380632815,0.05592061791633496
3,283,0.013509999999999994,102.19500925151038,1.7887557453254348,-0.7390149651751019,-0.0022060211873735636,-0.18411635314527694,-0.04517991417988183
3,311,0.010329999999999997,126.23035451476744,1.2211243690203297,-1.3481305754231159,-0.4478835894563953,-0.1100290806748652,0.011221671541361042
3,591,0.008609999999999996,83.77907939762436,2.954854718617995,-0.9137896724250038,-0.3185504192533562,-0.005944686376300658,0.06562380896407305
3,241,0.009539999999999998,87.44815201340987,2.4230910145282025,1.129042909663191,0.32437027577951266,-0.10786081180049653,0.0903462570628412
3,528,0.0089,81.85950487998802,2.712041143192482,-1.3012682331076386,-0.21138411950896333,-0.016353036461897792,0.03220203637360504
3,612,0.011869999999999993,116.40774153900358,1.4799946693467354,-0.19604374709548092,-0.18199680819529898,-0.10970853974107107,0.00589940734539889
3,486,0.012249999999999997,95.4579584437536,2.0404940026946,-0.538943776046697,0.44749180477498096,-0.14286313394123504,-0.028803042234199827
3,66,0.009959999999999993,81.34233072806164,2.59525385541555,0.9062478747749627,0.4584676949630083,-0.028839475803368445,0.03932522233227255
3,682,0.010719999999999995,76.82347890456963,2.819585195685988,0.8708898762843406,0.18265694409131988,-0.11111996926024056,-0.03641114679517467
3,213,0.010159999999999994,100.89016243083381,2.286290073110699,-0.4587453848515037,-0.22382282231961698,-0.14909559935558292,0.053290017739808355
3,619,0.01001999999999999,65.22991750938291,3.01764513439234,0.3843669866974792,0.48648684731776937,-0.11406471840588857,0.021015973029889036
3,122,0.009409999999999991,102.92876685835952,2.2703633119505775,0.9816731121790218,-0.04115594739273299,-0.18034517192165989,-0.025611860951197232
3,164,0.006679999999999997,79.41568341331805,2.59161090530566,1.5894530836248517,0.3016413333898373,0.00723499443619204,-0.0017800114591465487
3,584,0.011569999999999992,75.14107567679737,2.672883779988573,-0.17554645026909027,0.5251466270122065,-0.12300489216080586,-0.06599960304588362
3,10,0.010639999999999995,106.21848892164844,1.8501475998085446,0.8037990005067923,0.05861477722869653,-0.1932366185110257,0.10539722101261695
3,143,0.011149999999999995,89.44832078229254,2.2993596373628757,0.8788833558608982,0.08807426042677324,-0.23900100777238198,-0.1634067288876614
3,3,0.010179999999999996,71.86795542288824,2.851762026302548,0.7655539280410323,0.5359896923060238,-0.06394635555362613,0.058928059005099565
3,570,0.0012900000000000001,72.93556874075689,0.902122263452731,-0.3235267453410574,-0.07589170219109531,-0.009758079322434807,0.034130365134627645
3,437,0.012069999999999996,98.33604180172823,1.9884634251804771,0.12141271552781824,0.3083492335164888,-0.20441320748944058,-0.07294691018136981
3,661,0.008759999999999997,83.5101641772107,2.752526182712732,1.2604212623893385,0.16839507068526083,-0.19346120686620275,0.010737990171154376
3,395,0.008849999999999997,108.90639115734176,1.76863250926246,0.734699367587106,0.023075254981315147,-0.27632330216819834,0.03168635297245408
3,325,0.011319999999999998,92.82408606690731,2.1191092525762043,-0.3457994118069064,0.439413585014152,-0.0956013052359203,-0.1034287815357002
3,640,0.012550000000000004,91.18083582372793,2.3686207798514722,0.042835237835628745,-0.07987803383782627,-0.15777597881105646,0.04424755205951459
3,668,0.007829999999999998,85.3185545508779,2.7487483828273964,1.218627502968457,-0.018988133024122666,-0.0020986192124254396,-0.0012043167191832936
3,276,0.008219999999999995,92.66718891800895,2.209427620882824,1.3198801847571549,0.3502539828664248,-0.14371388301687874,-0.05977989078283642
3,304,0.010459999999999994,113.90752197313049,1.6609511765982514,0.361506261212768,-0.27800837316039173,-0.22458058942096162,0.085185477468158
3,521,0.0075499999999999986,130.26089881174784,1.0967415029487249,-1.0448628061131162,-0.6124174187130703,-0.026599859567495616,-0.04196304984030838
3,598,0.009089999999999989,111.40115105562224,1.8611340881331184,0.5930204947322169,-0.011105090235232465,-0.17661839891035727,-0.062073959902422204
3,108,0.008960000000000001,119.34429315496284,1.5769891201938835,0.22176408708175654,-0.3953034762725142,-0.1038176668877345,-0.077496936619675
3,115,0.0027599999999999994,43.08251051444752,3.8166120817663316,-2.2407019322438106,0.18807963648056902,0.17145598490348016,0.04362256298912194
3,290,0.009989999999999994,100.18804983487286,1.9765269814961375,0.8856165252845152,0.15777484538125178,-0.1405533719726694,0.029760339109692623
3,479,0.011249999999999998,123.22219734107169,1.1691089434530948,-0.48241607638197265,-0.3701393277183625,-0.24818499016315626,0.03744928653500976
3,549,0.005249999999999998,134.96676486509705,1.6291673917412475,-0.5681251479123328,-0.3796455370990101,-0.20346220986097513,0.061285403384409305
3,675,0.007079999999999998,96.85076289709922,2.310895658727255,1.4724500033855368,-0.13362295930175044,-0.14648825755078637,-0.019104167825546713
3,605,0.0023199999999999996,143.06901733009087,1.213630867281373,-0.7437231340245917,-0.39188240746726843,-0.23159514581257398,-0.024196140716857634
4,697,0.006759999999999997,69.45374225286639,2.941087342648447,-2.595208188095055,0.24623390194851996,0.016644979851511928,-0.1652191580394139
4,459,0.010699999999999987,92.13077709096609,2.696276970230898,-1.0526995353546589,-0.2897927222732887,-0.1743682267306226,0.06469756535892432
4,291,0.006549999999999993,108.34309607048408,1.666710835712525,-3.593217016539203,-0.3099104324875227,-0.19847576719485371,-0.06036946539158831
4,375,0.004669999999999997,101.91934756040304,1.8096956756825324,-3.9732874987169384,-0.10731319653178467,-0.18862212897224234,-0.09870394552039316
4,116,0.014149999999999987,76.09743881688365,2.7449981876168428,-0.6872296165223228,0.4038525384070491,-0.12319764240607425,0.044187304474755544
4,494,0.005469999999999996,82.41434897101963,2.2961860547188944,-3.345706000678347,0.2572984012968154,-0.12008690559327201,0.03736457866188515
4,410,0.009659999999999993,89.46170595831938,2.175441675485024,-1.359414653356606,-0.47484524122023614,-0.02532013768839514,-0.006132425373704391
4,179,0.011669999999999993,115.2974550819605,1.3920562569623607,-0.9887959226639099,-0.012210834148353639,-0.057447637032935456,0.02133195064475335
4,256,0.01137999999999999,99.9724368023158,1.8042844412371275,-0.9237970952272305,-0.11105162009459453,-0.10041892753134753,-2.655607451416027E-4
4,382,0.0107,100.61661123942093,1.9199047627472068,-2.2155510236286666,0.02950900860466312,-0.11542843110657709,-0.05137772519665945
4,18,0.013639999999999996,113.39475581615199,1.4585814018779537,-1.2951908837266222,0.010287856535547882,-0.19180660634497682,0.014565997081980048
4,277,0.009899999999999994,93.60539025608273,2.6205390819042624,0.2698500192372359,0.04729919500410831,-0.2101092400430753,-0.10490736598279965
4,662,0.010659999999999994,98.71893307161645,2.111209407081712,-1.7713935990248444,-0.05320089659469965,-0.1520917509356948,0.016778383532414266
4,557,0.014439999999999993,73.81480022315326,2.6498765401492204,-0.5016208893474201,0.4187039101813411,-0.08880828396049488,-0.06244049584461936
4,508,0.011299999999999989,84.34123819861038,2.5706358765093755,-1.7413852884411098,0.34402728998480314,-0.03292044742975307,0.017678401968383932
4,130,0.013539999999999995,78.0814365919652,2.8361574949144974,-1.428620590708666,0.39378773473443407,-0.0886505370087882,-0.08034755476318098
4,284,0.013139999999999992,82.69644294216063,2.450348236507375,-1.2423249502857827,0.2817720083577906,-0.07844116120105016,0.043624868009971375
4,501,0.01076999999999999,111.24032394003008,1.6073137999901723,-2.710209596355887,-0.354532823341855,-0.13102577496396528,0.017125420604742224
4,81,0.009779999999999988,106.99063734507816,1.9960424068776625,-2.3461439980468173,-0.08734975284548022,-0.14039147182727713,0.01595351571229272
4,550,0.011759999999999998,103.74124578461165,1.7852004013196485,-0.31026556926043,0.2561345200485971,-0.1376277137600758,-0.07758039357365965
4,326,0.007679999999999996,75.5416034898449,2.6418554856798733,-2.83990701898466,0.39624655076948273,-0.05069943874434399,0.09961249895809719
4,536,0.007109999999999994,115.17037536371133,1.396675500572208,-3.23038809095922,-0.5138251623458951,-0.04790167999185341,-0.02889552695778853
4,263,0.004769999999999997,91.2057893249252,2.4793589980044635,-3.668649066737186,-0.2718664902108517,-0.17752941163382918,-0.10294439839978617
4,88,0.013379999999999996,97.01736492578384,1.809884646393432,-1.245296748113449,0.16462142062659843,-0.006244928878024317,-0.007617350126100642
4,137,0.007849999999999992,92.88499886800643,1.9642958442699912,-2.330487645104374,0.46521281760598915,-0.06750407337519797,-0.045590854139861525
4,389,0.009789999999999993,86.84342367091448,2.588906157028555,-2.1165209412972175,0.07503673172142798,-0.12778516066387113,0.10110490332905907
4,669,0.009919999999999995,98.58816372037296,1.7367911108957212,-0.09160127184651579,0.44365500052799356,-0.15631526803625212,-0.0795905832537786
4,46,0.016109999999999985,109.44192044501861,1.7989172077682691,-1.010422153800124,-0.21946000659838158,-0.1378308821797905,-0.039053928695927775
4,599,0.01186999999999999,121.23278510983013,1.2835840856009892,0.32113076139719265,-0.39678069109635045,-0.14717801312616122,-0.02952603480474627
4,305,0.012689999999999984,94.21309976743929,2.0868600660863477,-1.1420937041472563,0.001479187419150969,-0.11345191032754401,0.0326072808852636
4,340,0.009139999999999987,94.9244071688938,1.6598657935798349,-0.14568612581019746,0.6618489037100681,-0.03085567454283341,0.06922957943316622
4,564,0.007439999999999995,72.6911559465831,2.88089550525499,-2.8171095173827827,0.3799525323288504,-0.0668727304374019,0.042026492276623924
4,431,0.008789999999999994,95.49350024356004,1.7322649499943688,-1.9138394889840735,0.2850555824070612,-0.07088360109543018,-0.11119686475264885
4,249,0.012719999999999993,87.81073790184173,2.079242287724887,-1.0129540463793372,0.48938503859408233,-0.10800133620272345,-0.0358260229028968
4,571,0.015169999999999984,81.67427678633356,2.5609741910211206,0.3131592355000097,0.21167834318417791,-0.09347664413323052,0.02459327197785978
4,95,0.014599999999999988,79.40755441092982,2.498352142607932,0.010526990347312842,0.2945373831456247,-0.05923513482328443,-0.09512313459777255
4,347,0.012349999999999984,86.85952368049678,2.6354488460044028,0.12471397944052627,0.019505562072290074,-0.1352672121344323,-0.028099099283028145
4,102,0.0070499999999999955,96.3581941439111,2.1168412558774654,-3.0322098292268356,-0.20890270761780416,-0.13083674678524132,0.07610745011004051
4,445,0.011919999999999993,90.5080231536929,1.8709020018982123,-0.3444424195175825,0.4480153200748086,-0.10346154934155771,-0.10269306450144874
4,361,0.008149999999999996,67.10670828260008,3.1423740980110986,-2.307358894829936,0.4514309848953116,-0.15091307145028096,-0.04255089395210785
4,543,0.01247999999999999,105.09027686312398,2.172644303457564,-1.0216837197523123,-0.3897415390685362,-0.17518438868110323,-0.012686753182631343
4,438,0.011769999999999997,117.38628578039808,1.344673365843997,-1.7371035862216906,-0.3620441892815777,-0.07925215144817374,-0.031350055348048765
4,235,0.011389999999999994,119.83637639737789,1.3964327814759152,-1.8709397756830404,-0.40726453690333364,-0.16396424369446216,0.02507367737574906
4,648,0.011069999999999993,97.13718225086319,1.9472187673647507,0.597181626472409,0.3200866371924746,-0.1534626065329844,0.03395977835880745
4,641,0.013589999999999986,80.58372449666784,2.6476039924557515,-1.5555827968951907,0.21626507513396015,-0.12765582920952834,0.026115404778238187
4,207,0.005979999999999995,60.03603480328738,3.3548532835216953,-2.6738752589740318,0.4157095159020914,0.19010371308162075,-0.010269205253585031
4,578,0.011029999999999991,95.70567809883579,2.5614856854582904,-0.023509611079066076,-0.24532143417458924,-0.09718289173079431,-0.030725243824444425
4,473,0.013789999999999988,107.42908738047956,1.805970001198238,-0.8264071438975669,-0.1614817016098539,-0.15999719834932646,-0.09508336028785298
4,186,0.004379999999999999,85.35372966947749,2.455858141427957,-3.804384429763409,0.22361072818267091,-0.10978079663653051,0.11379222747387693
4,529,0.008909999999999994,92.4438646410553,1.661661124155246,-0.6555898046158686,0.7156169098908965,-0.11631351674960495,-0.058541383699000395
4,620,0.013969999999999982,68.88551287951849,2.9930215669653886,0.4730593822894377,0.5095592735957779,-0.12680737836320619,0.07601406311163994
4,515,0.009239999999999993,104.53047801685602,1.6124663889367956,-2.9289029967225453,0.0990706884974683,0.06175659917395086,0.05216609077978006
4,627,0.013929999999999991,88.81093885436698,2.534319213017815,0.10065001648807499,0.0555113225720065,-0.09800174764450055,0.009054609929278305
4,11,0.014049999999999986,111.47057939642151,1.6307946511019717,-0.6584819227577324,-0.22556459868343898,-0.254848867061222,-0.02988390870659035
4,634,0.012199999999999985,85.76370676234359,2.0989276282385423,-0.7634876093809048,0.5325233756096831,-0.051111110203017916,0.09834040710032772
4,676,0.010419999999999994,105.68886856127408,1.332490981867494,-0.04038277268522288,-0.06128871019404482,0.01437149054670785,0.12259199562592532
4,592,0.009069999999999991,90.24202549038345,2.0948777991116896,-1.886753392981963,0.6884266484333905,-0.14238643060415881,0.08670043570612662
4,158,0.009429999999999996,102.45615723676141,2.3248586856514977,-0.607452509129201,-0.42758459493163936,-0.2327389449713002,2.02530667932483E-4
4,53,0.01073999999999999,102.76324772946538,1.9588051605111612,-2.0598045094201565,0.06522976016749626,-0.20586051527021185,0.006712724817818368
4,424,0.009539999999999996,63.830043991929024,3.1750025885417523,-1.5936281946772042,0.46409229960417353,0.03405643461416737,-0.11447959358521743
4,200,0.005469999999999998,88.75225186921081,2.1094107734290937,-3.6429217182397227,0.2690988160292259,-0.05255207803086315,0.11742231627431948
4,606,0.012069999999999994,127.35751478254272,1.2729843050672511,-1.0255741076116913,-0.35697714421256543,-0.16319614379553657,0.03591331474976213
4,32,0.005389999999999995,78.87169387638723,2.4593270618566114,-3.4104895325168303,0.41871541101164594,0.022346455172706507,0.047868128215280636
4,655,0.01256999999999999,71.02879467737692,2.6858717996195125,-0.7953579702461805,0.3880490319836332,-0.0516397407107191,0.026775362601196263
4,4,0.007389999999999994,52.59738779347743,3.400605093279763,-1.5050273319901182,0.42145171529285674,0.07971257189228415,-0.1490339152767789
4,417,0.0048999999999999955,93.85837536097938,2.258350884053418,-3.7179571011977965,-0.17235225294119141,-0.21055359643711874,-0.05344863726626922
4,585,0.010399999999999994,72.25261816131616,2.74060588026008,1.323234818660529,0.45030519406318387,-0.0409178174850602,-0.07499546967026802
4,333,0.01266999999999999,65.80315375367394,2.9279561321871905,0.18554850042885523,0.5709578624679872,-0.1255747989290327,0.04067626363455665
4,466,0.016959999999999992,83.96206749618854,2.5018958960889166,-0.07473526133111547,0.2527040054618278,-0.12275923280224946,0.05981149459258436
4,109,0.007719999999999993,136.40984813498463,1.0032170173895885,-0.4671850516258816,-0.5196014742690304,-0.15062513216022877,-0.10878288200276763
4,690,0.005909999999999996,98.3846857395735,2.1163000962729828,-3.473600883130707,-0.08904645310449966,-0.21110912387957664,-0.0055264188631999195
4,25,0.01138999999999999,131.36028369939154,1.265702849134628,-0.559744713283003,-0.2619875741542288,-0.13407995654692784,0.08637383494894976
4,683,0.00905999999999999,101.57764632089338,1.3457550039286896,-0.5393739865383715,0.2558586953385334,0.0588017130417556,-0.10560659762588694
4,522,0.011659999999999998,118.46456685874567,1.402767234443641,0.6294240182654117,-0.2263685205749862,-0.1786176100054542,-0.004816353551855133
4,298,0.01098999999999999,110.13644902466922,1.8124342884176978,1.0401009630607123,0.04996239630306537,-0.04940672433767312,0.045952850108400556
4,270,0.009869999999999988,115.54746261296322,1.6875536131498083,1.0481901941072855,-0.30395934157076254,-0.10081172371711601,-0.061115308723236894
4,165,0.008309999999999994,104.19688495204669,1.9518936545646701,1.069587547887298,0.01988853204574792,-0.09915583430246798,0.025504540989371847
4,228,0.012369999999999992,123.36426041501757,1.2178847289481727,-1.6935415498186388,-0.48884961511336306,-0.018606546350438267,-0.03494780547666146
4,193,0.007409999999999996,98.13148735696097,2.6792585197657885,-0.17887276647558614,-0.574554071778999,-0.14810577459604518,0.05705481579874028
4,144,0.01178999999999999,100.47085209113573,2.0958944995677227,0.4683667087872986,-0.032934378208324774,-0.1444144937189252,-0.06827219770860736
4,60,0.011129999999999998,107.92615672116193,1.6116571169934866,0.567093854514999,0.09778708611679239,-0.17091220853496575,-0.05368257150969025
4,312,0.008949999999999996,89.87439632980428,2.201305874848657,1.6689585260365667,0.1405841078409823,0.10969123282042413,0.00870961176436745
4,480,0.007079999999999997,83.2349155942738,2.443310292226206,2.026065643970235,0.283220727736663,-0.0538363927945259,0.015061658705251169
4,221,0.010219999999999993,75.12949660217562,2.74265086980686,1.1722811512298674,0.3392396548936185,-0.1451822738452545,-0.063879786478445
4,151,0.012949999999999996,77.57771764156585,2.527242373082688,1.023579209524598,0.1897471855629545,-0.13979978772610246,-0.030844103247242394
4,403,0.01078999999999999,91.60843162109552,2.305649167362572,0.6201983286864462,0.0494940015630934,-0.05658553913262742,0.08046168617306247
4,452,0.007939999999999996,93.11610230729318,2.0603667076809664,1.5248574779567887,0.10789146767722346,-0.11016733203793928,0.01968343898266727
4,487,0.010699999999999994,85.43440428432699,2.3784651945800217,1.3383186385440728,0.059893078419469364,-0.11170870915293976,0.0742107942965157
4,39,0.008639999999999993,61.65774849067875,3.1490095252180894,0.3969947985671217,0.31841498907829474,-6.313288156455689E-4,-0.033480717305692215
4,319,0.008139999999999996,58.00498856802747,2.930475086961453,-0.16025357437639495,0.4979112952085454,0.006301832445103871,-0.0411340312214646
4,172,0.007819999999999994,80.4754803687705,2.653487640469284,1.5954324607641666,0.48580756793780516,-0.08607530723451767,-0.041403654075777105
4,242,0.007949999999999999,87.60482322211901,2.582694772763408,1.525403831478585,0.38685440288503975,-0.07808928587200656,-0.04920789383076694
4,74,0.010069999999999994,112.814240673287,1.686489221469366,1.2613684443505122,-0.11111180545962793,-0.12829255914395485,0.05742553562012158
4,214,0.009779999999999992,102.23929100778433,2.0038219079330166,1.122207240875193,0.019022952238189374,-0.11981145968858942,-0.025743899571662284
4,613,0.008079999999999992,98.93691514215588,2.127772356261173,1.7381904208818444,-0.08796189638426352,-0.15865060073020004,-0.09668023058905824
4,396,0.008549999999999993,124.89418342004612,1.4803607024181797,1.0168839252665283,-0.4581109901033154,-0.1828652770144508,-0.006077447186207334
4,354,0.006849999999999994,106.11796160416334,1.9406709363152177,1.6993665402399052,-0.15587344656597252,-0.07670260405098844,0.055209066045723426
4,67,0.006989999999999994,95.3714840380313,2.1837728361610194,2.034220810334474,0.04155539411460977,-0.09681444958633735,0.012260122652335899
4,123,0.0039099999999999985,144.09014205311107,1.1996059626054651,-0.42485158105931325,-0.6709868506823732,-0.1370014705175639,-0.10514052533875301
4,368,0.0030399999999999997,45.07736327830547,3.8349470388651032,-2.15689605831471,0.46293661928800006,0.19420018268667313,-0.01421154021572843
5,460,0.005279999999999993,76.70701147377169,2.4437958555055777,-3.027923635710402,0.3109505130874762,0.07970561054675401,0.01601167486000772
5,334,0.005699999999999995,86.60774425665548,2.526699101962628,-3.3839286983692745,0.17794412936822038,-0.23574033587114857,-0.005208202927992959
5,194,0.009329999999999991,74.37020278812261,2.72384594761468,-1.840024672021229,0.45448451768046066,0.05157444301825579,0.05599366773481134
5,250,0.008099999999999993,78.76904467784523,2.5505940413137065,-1.7264556313197967,0.565054943500732,-0.21451997148114305,-0.05534229101719154
5,278,0.009979999999999996,69.55550682383796,2.744551589676514,-0.9597101680336818,0.37349449974076976,-0.019211949675012843,-0.04961765324583843
5,187,0.008779999999999993,108.00120398058932,1.7565858830133043,-2.85664414145281,-0.16903348129128323,-0.01768911541050916,-0.052342558166665366
5,68,0.011829999999999997,87.62539410116884,2.0774793473020736,1.345218442518182,0.49473448148541055,-0.045617651101907616,0.1607683516461229
5,292,0.006699999999999993,83.890010923378,2.637589677062436,-2.922180266604848,0.17995291418389578,-0.12179835755977877,0.01827457761148879
5,565,0.006769999999999994,80.83844910252617,2.6876690570838915,-2.7161071940293002,0.20310366354022147,-0.07147296693718316,-0.0115460059334596
5,173,0.009269999999999995,103.26280959128398,2.377907056495003,-0.6582859545794562,-0.4784898689560555,-0.0564096041421588,0.13385852588542588
5,33,0.008019999999999994,70.3580500840899,2.832670305216138,1.3426013769128478,0.21811438317039028,0.023366153940686793,-0.004345013426324161
5,558,0.0031499999999999987,49.16839309312653,3.5459528926482955,-1.1930073518711926,0.44071122169492866,0.10248508318797564,0.03206197677869172
5,264,0.012349999999999996,80.34016055142835,2.4584749812218467,-0.5999468062491994,0.5029147462716304,-0.07786680817412428,-0.09056491790227263
5,698,0.012379999999999993,72.43969510124582,2.707288109594286,-0.40442521742204723,0.5925075331856237,-0.1206542182471394,-0.057703334107228804
5,509,0.006709999999999994,62.65684969164022,2.982820767431882,-2.3614155012432994,0.625044735002095,0.13040521195437738,0.025377500021098308
5,89,0.009509999999999994,95.7500516656218,1.9402309809306293,-2.554804507313556,0.10946219403743396,-0.1712959450949745,0.029173942572552264
5,376,0.00736999999999999,100.53208023272923,1.8009907256959123,-2.97336911461213,0.05998179053073078,-0.0730594410726288,0.09625357896046455
5,243,0.011839999999999986,93.97819336571104,1.9395717907261003,-1.6167335391747732,0.1521005300494529,0.0262524101582341,-0.09702849970032154
5,649,0.013879999999999986,100.09899311443668,1.9102430222459812,-1.1876822854165603,-0.14351240379346525,-0.07106097747682083,-0.11366005975004217
5,320,0.006889999999999994,66.85850773349763,2.865636812079835,-2.5539725171367746,0.5191670631384906,0.051886326203310906,-0.013336550166449648
5,677,0.010509999999999988,105.51329738561648,1.508904316587477,-2.373898591883354,-0.06641087115879979,-0.06084655566120048,-0.03554480215877903
5,467,0.005529999999999994,54.33769120737729,3.3099093867099167,-0.805030992279139,0.587660388981001,0.042110826682171414,0.04619977030365993
5,362,0.013219999999999992,84.39935140788114,2.6242677538657215,-0.5774367659845969,0.14789537592444787,0.002528428453942551,-0.039811581299166766
5,5,0.006699999999999993,58.4421451924436,3.168336832041749,-1.7626329178164792,0.4813240592133448,0.08418860951392601,-0.026569561915650106
5,222,0.01071999999999999,90.46906692663966,2.383004853846495,-1.3529941385735473,-0.05344541960032098,-0.11327937619007067,0.03532808945271443
5,383,0.008139999999999991,91.95035511434034,2.1201728160945246,2.0160277982896777,0.21258834071740204,-0.09982379536685886,-0.00901772606357545
5,390,0.010099999999999993,78.52877821500253,2.784444763834207,-0.0459235353314961,0.2749381062212395,-0.07637033280496656,0.053273525083445475
5,110,0.009419999999999993,88.39927493333303,2.4816777358293787,-1.8994679921379125,0.09955830505734871,-0.1521061408364687,-0.014482485968562785
5,138,0.013349999999999989,82.51705749985797,2.552817139806817,-1.089261665597244,0.20701955877556702,-0.06865330413801297,0.03705766890760169
5,418,0.011919999999999991,76.59904127847173,2.734666403169449,-0.5835463626972911,0.32890038481278916,-0.0654771657460205,-0.07000081529069227
5,425,0.006369999999999994,61.14109261332141,3.0325966720641144,0.7724949506910463,0.4739118554244911,-0.09838775995136365,-0.028368041026540863
5,159,0.009389999999999997,93.13521910876624,3.0976971091709005,-0.04293799528656889,-0.23675470531075293,-0.11714867098374927,0.042644202727661916
5,12,0.013399999999999992,96.8970208592027,1.5950376716833738,-0.38318387656794506,0.2720814985452241,-0.15265339222917645,-0.03337250046389578
5,369,0.0010499999999999993,40.5575140567847,3.917550032561688,-2.1091475949445444,0.702347272654278,-0.002915897515889526,-0.0070308373439553875
5,145,0.005089999999999995,93.28677649750364,1.927183648152847,-3.651464975039529,-0.011425151232331112,-0.11772114786519634,-0.023292080814589992
5,26,0.01238999999999999,97.86463958696311,1.9651558956788395,-1.8056553194567624,-0.10150151498461107,0.04351819337214425,0.11318341114132686
5,628,0.004759999999999997,97.93289326519273,1.8886167143971753,-3.8388252559835645,0.0014086763417791859,-0.08057660443407985,0.04519460551314919
5,117,0.005589999999999993,90.16656815950557,2.265936954615159,-3.2858027387166824,0.14503230695475644,-0.0011529254594084253,-0.010535280022472143
5,40,0.014889999999999985,87.18267421442536,2.333852034640262,-0.5239529586738871,0.2646123495257323,-0.12025409961226576,-0.018688271156984813
5,348,0.011689999999999989,113.53403663540595,1.263559862031433,0.06969628807640549,0.11769008226046669,-0.1350699845261766,0.07589165160341667
5,285,0.012709999999999992,94.73900143266248,1.608657366729508,0.22587370467389487,0.19034711495694512,0.06985489518067295,-0.04841005230164444
5,544,0.009329999999999993,98.09565591206106,1.9808716369742436,1.7933021994390905,0.04977045762740442,-0.14920202161140633,-0.010791598558838909
5,572,0.009849999999999992,64.79163067449184,2.8112987831039966,0.26676239430379206,0.46773726538923405,-0.03871981035669085,-0.09585919046590652
5,516,0.009199999999999996,88.99636906644966,2.7005264911994935,-0.3484594572765257,-0.432361822685721,-0.06349791863546227,0.1373665435317899
5,257,0.005559999999999993,71.3254265589129,2.9047370123862866,-3.1020289523579714,0.41637338466359813,-0.03614979709762995,-0.0755655090587585
5,208,0.011049999999999992,74.75907601576644,2.5232918628328145,0.46667811568658046,0.4974878538718695,0.02415114116809123,-0.13242370644878454
5,327,0.008879999999999992,85.54230398982925,1.7291400397444072,-1.453847354920548,0.47560737804586956,-0.10787015975469484,0.032421119611969584
5,481,0.011389999999999992,89.52380560100092,1.7833393772722506,-0.20742725868873715,0.5694952482776267,-0.012885437579497595,-0.04952187673614988
5,82,0.011879999999999986,95.72296195631085,2.7018675035989212,-0.5959357472275059,-0.30647975335774014,-0.09483764091500732,0.08119298126312688
5,152,0.00844999999999999,103.43116934884398,1.9677236801235238,-2.854753973206073,-0.26039247014709554,-0.014647989363663063,-0.0035163832781851777
5,495,0.01389999999999999,98.26631895312363,2.3419701806642585,-0.027176820765490835,-0.13830548175524057,-0.07200008606259017,0.019674298231192433
5,341,0.013109999999999986,81.49249268065032,2.4795032495187126,0.4323662415481651,0.3620160853361529,-0.09746531748125856,-0.02289884844223006
5,530,0.012919999999999987,83.76759281809595,2.3695022859946717,0.8069458339541574,0.327635453446275,-0.024356520172492853,-0.05392543130565728
5,355,0.015239999999999988,90.85138501445623,2.4783076534527004,0.3551484995159339,0.11013368405176024,-0.1869988858232155,-0.037779138230275865
5,523,0.01287999999999999,103.36056642697162,1.6757310904924878,0.059493121859760606,0.33875102759202935,-0.09744250264923288,0.05089183971912847
5,131,0.010429999999999991,67.49608369416488,2.918573181616634,0.37202098548006557,0.6790947334089045,-0.02707066898640144,0.05517953978795108
5,61,0.012919999999999989,92.24115779816805,1.999624838151273,-1.57927741023992,0.15889403914234998,-0.004504149004919328,-0.05733456971845376
5,229,0.007959999999999991,111.03475998686538,1.5953785914804386,-2.845966691197866,-0.2472430799142391,-0.14991312820049674,0.01112128472509807
5,593,0.011059999999999987,101.75800876285686,1.6758003881969614,-1.4401524184890477,0.30853824720457484,-0.1519412014294073,-0.004896354673876932
5,635,0.01444999999999999,101.31912725695761,1.9472892044968524,0.05782472449187294,0.11844473643779888,-0.1220878873494323,0.04433838785946968
5,299,0.015429999999999985,118.11207403809911,1.5535411180881127,-0.7896741108968804,-0.309941289731352,-0.1962267315693793,-0.04333754098161628
5,432,0.0072299999999999925,73.32605442594702,2.6149129370830604,1.6272026439147926,0.6072311250257112,-0.044292343543459525,0.037761145101547725
5,691,0.014329999999999982,109.6610384799099,1.7411641884401676,-1.1601616698718555,-0.45438541678602323,-0.13652342678702223,0.004352001076844099
5,75,0.011119999999999986,113.91376488095604,1.6323718972416692,-2.1867557822707044,-0.3839119610180778,-0.14279918798816726,-0.027408688906429085
5,306,0.012339999999999988,107.43807701668595,1.4923693444597106,-0.944742406029039,-0.004002440664325414,-0.15539004127031422,0.0014746662352098216
5,96,0.012999999999999992,92.88494707114072,1.6228094026157356,0.35614707789581984,0.36078667077280074,-0.0555776784074192,0.04252425155126491
5,621,0.01224999999999999,104.74723695466723,2.006934557043006,-0.9916209724391004,-0.13441657116327885,-0.05641548677787539,0.03645905752315079
5,656,0.003359999999999999,78.29034693063126,1.2156851727480307,0.07255699076630084,0.6521235650241415,-0.08446972896113047,-0.0032200968950172786
5,663,0.00848999999999999,116.43482054892738,1.4390265016722992,-2.6231506563836806,-0.3227977469338181,-0.1543908331961798,-0.02417309350001235
5,19,0.00926999999999999,99.63854175608267,1.2023790963485814,0.15319537976443345,0.48473109720731317,-0.1217948528529903,0.06412604299271928
5,236,0.012229999999999993,123.33025871848439,1.4053780914247933,-1.450416351301934,-0.35252262995103506,-0.18914714609751007,-0.016337255622194298
5,474,0.010379999999999995,117.20364722811833,1.1687075943362852,1.4222596647248213,-0.2635412919265025,-0.0012368359795135848,-0.05047345227844121
5,488,0.014009999999999986,111.14977564673411,1.5857595903976898,0.27889762639572674,0.2230500395786856,-0.042234727161667186,-0.04204545148102111
5,166,0.013789999999999992,120.22404653927212,1.2933903772520319,0.9335833825529212,-0.3212263253293733,-0.05614263042759282,0.05219913018985235
5,607,0.013279999999999991,130.40544352600605,1.2640724801226442,-0.33379852825687034,-0.4487257364165309,-0.06242976367926702,-0.02594595508619242
5,586,0.007169999999999995,81.68111953597324,2.316300337112537,2.0705975695341214,0.36005903382295706,-0.028956976610085117,-0.12839760411755063
5,103,0.011099999999999985,123.71589019345502,1.2453507001966777,0.9676870301654802,-0.294683150329086,-0.14136137647552774,-0.024183004709588243
5,446,0.010129999999999988,106.97106712412693,2.0288509917911264,1.5492519666641784,-0.07473001164796299,-0.13672635850813952,-0.050830439569627676
5,397,0.01349999999999999,106.41185282424775,1.7660299301156737,-0.2346263192861346,-0.1365384832373169,-0.16434565168204784,0.028100355660842746
5,642,0.007949999999999994,79.13780211585487,2.6440027184114507,1.8024711919340444,0.10190240781665955,-0.037169871837772074,0.015573959762177491
5,579,0.008519999999999993,94.56962354766158,2.363069838620587,2.0658080814028636,0.12562623249312943,-0.01756529326473323,0.043060632055220115
5,411,0.007829999999999991,102.74878577263357,1.8822483395279612,2.2555009209021613,-0.12719673796831302,-0.093187131217447,0.034261636825739246
5,404,0.008999999999999994,76.8956034348728,2.7526483203610077,1.4968077321745428,0.29600293483561635,0.0309365746434474,-0.07329908912874555
5,180,0.01150999999999999,126.655109519595,1.3090372532303012,-1.5753791015233158,-0.5168315253259349,-0.09040672598365355,0.028189069629756928
5,54,0.013589999999999993,108.56980834372084,1.6831794616927311,0.19485157227468644,-0.006266047105721536,-0.1776980181814974,-0.07797199753408046
5,537,0.008149999999999994,126.93404191697299,1.3742184214620365,1.2077120164612674,-0.29672199019979845,-0.023721654334333923,0.05434298789473739
5,453,0.011749999999999986,112.11848822957857,1.8745017924341747,-1.0820466440069871,-0.5085479308411213,-0.09449666912023089,0.09287121753050437
5,215,0.00994999999999999,96.4045299088,1.887618954201392,1.346335240850382,0.46142034412839494,-0.056772281466460836,-0.05827931760598004
5,502,0.01184999999999999,85.83033515550298,2.357772116441622,0.49928320446809277,0.3492403428941835,-0.03704499568310447,-0.05573378665403808
5,670,0.007549999999999994,85.26783338074557,2.2346504897692765,1.961246369103128,0.19537608890524957,0.017235741600233445,-0.01251648677011177
5,313,0.01582999999999999,115.37863591758456,1.3947758138489512,-0.20054719245509917,-0.2973823536270647,-0.1299436360302203,0.021684069965945935
5,551,0.008129999999999995,89.55188351765484,2.1728108409354694,2.1494941868152226,0.18618460989892288,-0.019894159545509063,-0.007997126652536901
5,439,0.012939999999999995,120.62899156440315,1.3371578971421971,-1.6395475786776696,-0.42567161786132957,-0.07347201363187228,-0.04740176460409013
5,614,0.011999999999999985,104.91461641693795,1.9748951609420333,1.140732805111785,-0.036638654066587464,-0.13354433332367732,-0.03681918320655478
5,47,0.010319999999999989,100.48615974336145,2.280945045558736,1.4544851008239428,0.04589622476254891,-0.1055470457344278,0.05642881179074314
5,684,0.011249999999999986,134.51269709466106,1.0768080431765974,-0.17007288630145748,-0.5062340215375831,-0.2179075991356501,-0.05463454577727933
5,600,0.007549999999999993,139.60646900191242,1.1409818503957412,-0.18575808716515535,-0.22717725242732895,-0.04274688996659031,0.028007032684890614
5,201,0.008419999999999992,109.74191318505254,1.8362008016376128,1.7970247905376475,-0.0742227041576033,-0.17743835882838901,-0.005700724025743363
5,124,0.00893999999999999,113.37185539548133,1.9371935229827382,1.8294015835034838,-0.19895154247554478,-0.2780749625792473,0.07117117070029544
5,271,0.0033199999999999983,148.28847570414422,0.9703331584902012,0.09159366882767316,-0.5173326107811251,0.05464005633802883,0.0162097418903865
6,580,0.01222999999999999,83.76107891016414,2.6339930850260913,-0.2341908260302225,-0.08289938517418431,-0.010292143455090563,0.04265483368081607
6,461,0.00826999999999999,67.41548531349008,2.9534156471701354,-2.0302159953577683,0.34596735387915917,0.023928878486096827,-0.05538569090607248
6,202,0.004869999999999995,82.662969602671,2.4830447837626624,-3.350974518961922,0.3110736843701277,-0.09007558503860541,-0.04145359524718858
6,419,0.005029999999999997,78.70155106291551,2.514974709631342,-2.856309333468578,0.4360180116306779,-0.0038264544427357022,0.02428354047537075
6,664,0.009109999999999986,80.56790246717321,2.322739259189768,-1.2915173499280082,0.5018159169416685,-0.041274117129864896,-0.1228987104929957
6,363,0.009399999999999988,84.98004966522521,2.4400942919748743,-2.0529251774402546,0.12856014237237529,-0.06326654259655444,0.09499831018175964
6,538,0.007369999999999991,99.5248320654869,1.6129447816536775,-2.4311950790394885,0.20566297847940265,-0.13861893502421202,0.10294901530389161
6,622,0.007849999999999992,105.85604383082098,1.9017647254200234,-2.96295051185577,-0.23395990879118048,-0.02603539565797442,-0.03727165952159406
6,286,0.009619999999999983,82.56498210701537,2.057333476752882,-1.1814475833370646,0.5584080106633064,-0.059386894470862706,-0.15721558566517296
6,636,0.010069999999999992,71.6809991170306,2.5714267323780313,1.1853596421135943,0.5250253067862216,-0.06077307060399809,-0.0335078849986113
6,531,0.0048599999999999945,87.78732683870462,2.0477236690672838,-3.6025869190611517,0.37624414485862195,0.027470445730984325,0.04190316647460428
6,41,0.005849999999999992,91.17860528551617,1.9491038451759564,-3.1628128125720463,0.2616349949674817,0.0061808033879580115,0.061237133741984515
6,657,0.006809999999999993,96.90244652900282,1.9667177469638786,-2.975390786509514,0.03609838036207942,0.0037595489071673427,0.007910327001841126
6,384,0.006929999999999993,102.85463594810835,1.6541241223481342,-3.0535786542497574,-0.22507718477728877,-0.13595820868556063,0.06344162057400497
6,251,0.011419999999999991,73.46542702530805,2.673969555380747,-0.8670307851532151,0.48468388693445286,0.033151351586950026,-0.09834731065834103
6,566,0.005589999999999994,54.19466958862608,3.160837938658966,-1.1060525464458069,0.6314860725115591,0.08126571445856327,0.07531670999796083
6,139,0.006479999999999993,62.20241339368483,3.0642631608676356,0.5780732840269099,0.6060870825666369,-0.17837553511123333,0.04809276830310367
6,328,0.005349999999999994,94.10880589735054,1.928859995384712,-3.3816399560792676,-0.13310431728405459,-0.06214224179182785,0.017588450420417255
6,34,0.005499999999999993,62.903021057968964,2.8307080019925475,-2.5551833110507363,0.2967026661782798,0.11425898254050734,0.029581723064845127
6,370,0.00704999999999999,58.68454923106225,3.1250679141261095,-0.7530113415754697,0.5838666602016598,0.08518303481171724,-0.03772047326189849
6,510,0.011539999999999984,90.05017715928932,2.09352194728227,-1.6165714161997953,0.26394809157427107,-0.0919949788707391,-0.02901078975828071
6,454,0.010499999999999983,78.75044419562401,2.4261841775831314,-0.8849463458194201,0.26532037334316294,-0.018542082029462954,-0.0472660227166313
6,587,0.012249999999999988,82.85404888534539,2.350445852762636,1.3906321107822253,0.428122719153194,-0.05742546008211006,-0.08388028589245944
6,524,0.013929999999999984,76.29185294901038,2.6337564131318585,-0.2947207099478284,0.5342032844264896,-0.08013451732815324,-0.05576009162200043
6,650,0.010949999999999988,91.9185216216585,2.7864606373388314,-0.6233200007968633,-0.4663785089322999,-0.13808711108576457,0.06093170530726264
6,517,0.010179999999999988,70.56590695613504,2.7814463296970877,-0.7104715233451336,0.5681915305310493,-0.033455264109402215,-0.03088536605435991
6,559,0.00742999999999999,75.42857355212057,2.7009723565026436,-2.3200854485906492,0.2538793617346036,-0.012528030419024061,-0.05258455303732002
6,244,0.012009999999999988,93.36231515422106,1.8926490970600498,-1.2702999237987884,0.16755524817106035,0.01965082591758966,-0.01395299361015627
6,20,0.014179999999999988,87.86324980657203,1.9180486327502426,0.28404293031725053,0.3267838651153644,0.03859695062871625,-0.03929290317015002
6,160,0.009799999999999994,105.63116131330084,1.6218881969776227,0.204876045573065,-0.05969031134462852,0.010392004389055295,0.08707616977882783
6,342,0.005469999999999994,109.3212274778858,1.9685079933629712,-3.2754594773041736,-0.10752325076636719,-0.1380525370087283,-0.10641215240267547
6,377,0.013329999999999984,95.25753665187946,1.9483970260879149,-1.3851842952436897,0.14702310212497657,0.03728414938477528,0.04812673131815395
6,237,0.009629999999999988,111.84451088448732,1.496688225733687,-2.349504937321853,-0.43960487808021836,-0.02796155607036635,-0.1470122201793545
6,405,0.004959999999999996,71.22667473535056,2.691039286549103,-2.8659789775676687,0.5175432081690323,0.01425797023494314,-0.11626190791870586
6,643,0.006849999999999996,100.59347704689971,2.9480033667024355,-0.15579016225625064,-0.4041500343448195,-0.13433126786808525,0.10496299085581626
6,321,0.008419999999999992,68.12286820819612,2.9782355135394374,1.1196631401599422,0.47823916756660456,-0.07095421070803862,0.04535807976309336
6,468,0.012649999999999984,99.47340597585196,1.9414903970803459,-0.7553928844489177,0.13322083028873977,-0.02208122223950543,-0.06725922988457361
6,111,0.013149999999999986,91.01244762193852,1.7603175908661013,0.1508087564297748,0.6623942338914107,-0.03687675215305319,-0.03710884205554799
6,216,0.00989999999999999,74.47667594172249,2.49854224951692,1.3046948612417797,0.4757958283584838,-0.04504085358995037,-0.09383521081218797
6,118,0.009159999999999995,106.39275614597356,2.22805808090163,-0.9851865581876962,-0.3218084251997684,-0.08299707729546339,-0.07524123284915323
6,146,0.010669999999999987,116.38184287628575,1.452881579838442,-2.2193540056299073,-0.34824826581894663,-0.05929706433837337,0.03962176576544872
6,503,0.012669999999999987,103.06396660267738,2.282230778731128,-1.032735802274187,-0.09161673112044642,-0.14360776363045258,0.015607214926566887
6,426,0.012809999999999981,97.6391177248993,2.235576391744638,-1.2341808160367074,-0.17662120044474983,-0.07113130552717624,-0.037567398219397266
6,6,0.0022999999999999982,46.54533015156692,3.545944544655958,-2.184142861142561,0.49313135392613633,0.25191714065444937,0.07464201568661138
6,615,0.011179999999999992,98.0342712711964,1.3377616340157186,0.09254654197019542,0.4941961108212926,-0.028178665466957634,0.011656869301593306
6,335,0.017059999999999992,115.09259743168705,1.3557640354381562,-0.33803793185808517,-0.2458304650903001,-0.023260534186832146,-0.05601093279638676
6,489,0.010669999999999983,119.20377788213548,1.2551088049917385,-1.9654499878443863,-0.5516411055963404,-0.055658203636805806,-0.061394649153336284
6,699,0.013359999999999983,80.99619763311377,2.353245132446001,0.3835350003316735,0.27464429173295146,-0.017250088640072946,-0.08032808474652631
6,230,0.01413999999999999,96.32819713540604,2.3398150437205882,0.3316295600759007,-0.22086182555344025,-0.03881141636506379,0.09381519466861918
6,195,0.008779999999999994,65.38264763212895,2.7950959022246376,0.3859689533932016,0.5089255310577572,-0.07229769208971326,0.035768338076244965
6,125,0.006619999999999991,100.96829947476058,2.2367702668624707,-2.5073468755493495,-0.30377983849382295,-0.08277483527631849,-0.03793521279736313
6,496,0.01267999999999999,87.55100664158218,2.37972709846618,-1.3147005885590966,-0.0037669475344053183,-0.030756956032592174,-0.11364283648351485
6,167,0.011059999999999988,85.27807103738472,1.7648705698134783,-0.2803368162954801,0.4822282534168752,-0.08629050664888943,-0.007320921114971438
6,83,0.014419999999999988,89.51695314782607,2.4904720182110385,0.03880388167463064,-0.0167275090163464,-0.05895220797042814,0.008643940110648247
6,545,0.013439999999999983,107.2728328774189,1.4412616366140312,0.2577908102222848,0.042927833201704055,-0.1255225200946499,-0.06839185344469664
6,293,0.011529999999999986,104.9262827255766,1.285158319661546,-1.136306957274722,-0.08640238308152515,-0.04282396970226328,-0.08599102343103844
6,300,0.011709999999999984,86.22508002719624,2.8087760348147106,0.2693146460357281,0.014288276471751826,-0.06957127780447049,-0.037536461461069356
6,314,0.010419999999999985,95.13999814006455,1.4649287938649032,0.622180003883832,0.637154881093759,0.062289260943110374,-0.0650017328511945
6,132,0.01107999999999999,78.65227916312223,2.4748361291833634,0.813512664261665,0.31405450507735005,0.069075417765977,-0.003727036038283095
6,153,0.013299999999999982,110.25611283990555,1.5115607917718783,-1.057337599122516,-0.35156281590202904,-0.1570227644561099,0.01677894479992035
6,258,0.009609999999999992,94.24123768492484,2.8009394196611215,0.16767860671435464,0.050677704423562196,-0.11130557761302032,0.023830306421932325
6,209,0.011619999999999981,122.1497851571612,1.2620158444584844,-1.7258940287052855,-0.39836023403163123,-0.0703174302255315,-0.005913910080433128
6,104,0.012209999999999986,110.8660401737074,1.1897334158053592,0.22821004462287167,0.2375460674792804,-0.07656886073547771,-0.005389482059038681
6,671,0.011749999999999988,93.24217570808159,1.6903065807936948,0.36881250407715427,0.17881103968168857,0.019562114252020802,-0.14908882475196897
6,97,0.011749999999999988,101.56574770400366,1.1864235953065072,-1.0173646432457621,0.17726032837258615,-0.0967283891913159,-0.07901981718982527
6,27,0.011089999999999984,128.69040824249336,1.1401072080997705,-1.3498312590077013,-0.5877478911444202,-0.11274850073078184,-0.021667343882560017
6,188,0.012839999999999985,123.29332280710204,1.3371681710703114,1.101730521324467,-0.2634987131628445,-0.09674653001696285,0.0810807899555599
6,76,0.008839999999999992,114.03309729117379,1.7465615708665163,-2.38590393252156,-0.47333232261901764,-0.1251718944436211,-0.03771045997178357
6,265,0.011559999999999989,108.97631196101905,2.2377808039567877,0.06883407425577828,-0.316932981601865,-0.21261813901235194,-0.07322651991209003
6,412,0.008139999999999993,104.45753587139548,2.6284421792610773,0.6459058157446633,-0.24726701880858268,-0.15122015432763375,0.02276292533157171
6,13,0.011489999999999986,100.26908800902689,1.828253186722422,0.8482608501137379,-0.11261902778623414,-0.13761893411991533,-0.02477832584713963
6,573,0.012899999999999993,108.10989926376442,1.4986029501179614,-1.451799726033935,-0.21310556180944967,-0.16605050467900118,0.13113807827920215
6,447,0.007219999999999992,119.20893105584256,1.7075605691435896,2.2801448566920337,-0.15485980886346443,-0.07559764582960771,0.03729304868540609
6,391,0.009609999999999985,103.8583153375398,1.282562247958743,0.27567382245788663,0.41184763038177324,-0.13626050669742096,0.14795441825516462
6,629,0.013689999999999992,102.0284442583765,1.7782272027795605,0.9077423054029217,-0.043382907722727265,-0.10675810307113896,0.08158211059341336
6,475,0.009449999999999993,113.94702772834296,1.5174360495096748,1.8936254149569278,-0.26586827507537775,5.863887043339143E-4,0.03524555579966767
6,356,0.01023999999999999,89.88740526175488,2.1948385674870297,1.8661063375549365,0.26996934166215825,-0.03407446538342777,-0.05989080968127318
6,552,0.009709999999999993,84.91785954642818,2.5323515516727895,1.8588364493156737,0.3789301234672419,-0.05307458580646359,0.019298944971713645
6,48,0.01507999999999998,118.15619963593335,1.268442554429895,0.08423640558265993,-0.15738567046045343,-0.1380642106434558,-0.0011681901691911372
6,55,0.01257999999999998,125.27202933284497,1.1235165337401165,-1.1492242598791278,-0.45187283907215187,-0.15599981398543356,0.09688100874116688
6,174,0.010749999999999992,98.43450227112666,2.365947544962793,0.9854210025884896,-0.13412561317367552,-0.06728616165110889,-0.04041485887635853
6,90,0.01733999999999998,112.82321665793887,1.597680818249052,-0.17455015332663248,-0.15946707126622928,-0.04465488434753884,0.053687019490821546
6,482,0.010049999999999986,108.84719882935055,1.452891612623814,1.8024297162752807,-0.2636910513485099,-0.05204667519726326,-0.07367093982923184
6,594,0.014019999999999989,120.7851721853737,1.2628361329703257,0.05210600278711541,-0.2168066956180434,-0.024178644416237426,-0.026219857937862107
6,69,0.007579999999999992,76.66874044876903,2.3358260014218715,1.7730685933404657,0.3012145846315173,0.041701156381104595,0.011025553029231751
6,181,0.00937999999999999,105.94415277782197,1.6954003837936333,2.0594717733209733,-0.08245819734851009,-0.17862900918318156,-0.032446850675978654
6,223,0.006809999999999994,80.37840849121348,2.1381929480684088,2.0860264745659443,0.6028462816514671,-0.0997330037839043,0.16083424700860902
6,608,0.010519999999999991,116.54605399049919,1.5855871489347382,1.403312784735245,-0.1505864830907629,0.035784893098820686,-0.09663035091185265
6,279,0.009239999999999993,87.5032190071364,2.3082888784378137,2.177622280706166,0.06367973951474093,-0.02095929708212131,0.015436152777923928
6,307,0.009179999999999987,97.00767090249836,1.9707332165719342,2.1386622178190975,-0.1292368334734291,-0.07243643676645553,-0.0027595311881814417
6,398,0.006429999999999995,100.16546889982652,2.001995225522653,2.7544413201421136,0.18443214073213493,-0.05476129111663508,-0.004460756607156238
6,678,0.009509999999999989,91.97772842091375,2.3294256186164217,1.9910094840985555,0.14369856670984082,0.036795814966695484,0.03475601790668751
6,440,0.008229999999999993,93.81987970914007,2.258460433230175,2.202905306390192,0.11180099454315418,0.0791526400979624,-0.028729045218144886
6,433,0.008569999999999989,111.28940319970638,1.8705612100542122,1.9518308659287886,-0.17087315896308405,-0.12211510812045517,-0.047292787360502075
6,601,0.007009999999999993,103.24052909686132,1.9306078450555246,2.2954218942624087,-0.17169237554933664,-0.08704592597191982,0.0285593031601239
6,62,0.011259999999999989,135.6172645628057,1.0801653321210287,-0.1317043621130996,-0.23465687609993158,-0.031141079951537087,0.04576167651109342
6,349,0.013509999999999986,131.49404035696082,1.1088175919741357,0.49826761346979404,-0.38793385205034536,-0.04930190303693339,0.05584613007544897
6,692,0.011719999999999987,126.78883084924416,1.1843163400618772,1.1234821241001236,-0.36149312843472803,-0.10186556759732665,9.608970233873984E-4
6,272,0.008089999999999991,140.8904781440688,1.1324988427670497,-0.32038756786803685,-0.48539904352460606,-0.08130146616311887,0.0043219801615064085
6,685,0.0035699999999999972,149.23288364242381,1.04585224529451,0.29753196022807044,-0.5209224489522967,-0.0664490394438411,-0.0388778865441366
7,7,0.013269999999999983,80.23950158028934,2.256253490480781,-0.7014337820852219,0.34977126878039544,0.11152055876852426,-0.04167543009453947
7,14,0.009919999999999986,118.86699968671364,1.3187267381117274,-1.9726414474160545,-0.48707235404530913,-0.07901563305262246,-0.04674690139010715
7,21,0.012779999999999982,100.15532027680071,1.7764262579856038,-1.4781504193556794,-0.23929892210963952,-0.08387696236895226,-0.02269837566546724
7,28,0.012639999999999985,109.6720515433766,0.9682533915913095,0.017832705516275277,0.08142435369960828,-0.017131132425349898,0.043529570823202225
7,35,0.011789999999999985,112.62022572533199,1.3914414733170302,1.7952824539427368,0.02053899554341263,-0.04340871680636443,0.01412073019250964
7,42,0.004389999999999995,92.61132803323306,2.092138782945916,-3.4387730058861488,0.13155603873931687,-0.02741891414429612,0.0322746950198756
7,49,0.011829999999999985,108.71649613146087,1.708690026999269,-1.256215222534215,-0.37440767308491374,-0.04326964728593499,0.052658298619821645
7,56,0.012899999999999981,83.71965930697505,2.33852043208631,-0.25305478123741876,0.30112644142892,-0.007889894025455526,-0.05487052263216905
7,63,0.00797999999999999,141.74900959440217,1.2380318040138376,0.07965581880853657,-0.5572431825687969,-0.13070879672041377,-0.03082787410180369
7,70,0.012059999999999984,103.20805893159651,1.2468014634430464,0.5844163914515386,0.15426116707237064,0.012342592135791211,-0.019845026651322845
7,77,0.011039999999999984,77.3859624630567,2.751800388418382,-0.991731139403965,0.2602853507100209,-0.11085550166937921,-0.06400069532776645
7,84,0.012889999999999985,113.85721387456793,2.0450699593346924,0.40888843735032643,-0.4172123567888504,-0.09643423558877502,-0.03080719126623226
7,91,0.004039999999999997,91.89792774497128,0.17300355242252455,-0.43582866879456306,0.1548051939006165,-0.1407711439889015,-0.05580024259881613
7,98,0.013949999999999985,93.39420479054604,1.7999998449693708,0.158764774597017,0.4033609088226384,-0.028466337550371406,-0.009464287210601913
7,105,0.012949999999999975,132.96862906549745,1.102530054345304,-0.19053595172916962,-0.3004943566495369,-0.0592565620092793,0.033919398214284004
7,112,0.00833999999999999,73.1899132727498,2.5088716615538447,1.564816268214669,-0.03585751674845236,0.1569076037790294,-0.08632759811394587
7,119,0.011279999999999988,82.83918575484255,2.3261222242290116,1.5676451854734823,0.21825606230086728,-0.0425168194195373,-0.0393779545852521
7,126,0.012709999999999985,92.08457455256732,2.1419128850376112,-1.1913155317036843,0.2676034102576688,-0.019126178577286407,-0.02170797484982037
7,133,0.009979999999999985,90.19587412760274,2.3766121050775753,1.9807036232458182,0.19210353603706778,-0.02967441810467053,-0.01951608342635357
7,140,0.00740999999999999,71.55906064689664,2.9175828439486846,-2.1040071197887587,0.28133766777248287,0.00541770427918524,-0.035030582267451954
7,147,0.006589999999999992,98.7490644654457,2.00947867148168,-3.0062112469702145,0.011445593275756475,-0.15064354749654343,0.008859226505960016
7,154,0.011449999999999988,85.3674889791802,2.5341922681271147,0.29773349342809785,0.21692374421981897,-0.05264350717993432,-0.03673802182182546
7,161,0.009369999999999991,120.28456940112999,1.4451358953276567,1.8678769210581334,-0.24742488615463012,-0.13171694227593805,0.0081529177870713
7,168,0.012129999999999983,86.87465522434313,2.334540744041913,0.5433737338373443,0.2267810507036283,-0.028883436741768916,-0.0512963441776223
7,175,0.009549999999999987,110.23906900601723,2.0444149707697665,2.0869527843482087,-0.008246016516366531,-0.18743930232730274,0.10060872580715245
7,182,0.011939999999999987,112.03753165809377,0.8739638213026982,-0.2592066934090931,0.29639535339125245,-0.027698534771723973,0.03267644288605771
7,189,0.00852999999999999,107.52524085883718,1.4045882656495299,2.264844460163777,0.08249223477149853,-0.08570759314178311,-0.007336875344757028
7,196,0.008529999999999994,68.49728893713227,2.79105371971037,-1.3528195173998439,0.48006740255410874,0.003147042798889216,-0.03309446291122033
7,203,0.013009999999999983,101.17273352698628,1.5913556406836058,0.2263727777723835,0.3844162852197542,-0.030956938158821917,0.07886019282989146
7,210,0.009869999999999985,94.80326529818922,2.8644476389473583,0.46557031378689095,-0.0067880653095685126,-0.15314151107231627,0.13093746312492152
7,217,0.008439999999999991,60.417653060865554,2.968569147814794,-0.5308387089103678,0.3945743637658613,0.20250802203381144,-0.08393056312478142
7,224,0.006229999999999992,79.3329335733826,2.3236872912234787,-2.710772646995101,0.4747636322447234,-0.1153321493926522,-0.035561968405619405
7,231,0.010129999999999986,102.50233894684045,2.372706694035851,-0.9541120330616584,-0.6446008856540908,-0.026035235669545825,0.09247512011656461
7,238,0.007199999999999991,102.60091209455561,0.7682181220357114,-1.0140943755030618,0.15464923182121454,0.07139163591397465,-0.010912693918332071
7,245,0.006609999999999993,92.67763823119452,1.9829328484535673,2.7653528505755003,0.005279381257098977,0.018942103466804697,-0.09511750887824957
7,252,0.0072999999999999905,96.4859830097915,1.876415758616535,2.4668918162029354,0.2476294294306272,0.06394832612460145,-0.09469233536837716
7,259,0.014629999999999978,91.69527073445863,2.22330667671086,0.9419868171954354,0.17596288488625625,0.01943940793578478,-0.04575082284904066
7,266,0.01031999999999999,97.04773005358987,1.5365769788275732,-0.9850413097300561,0.5259806590865003,-0.09125340633794747,0.1082565469293667
7,273,0.008959999999999989,104.1519138789768,1.552775908822253,2.2741258041004793,-0.10965588862490329,0.129879516146432,0.04832065400186028
7,280,0.011599999999999985,95.84870557386785,1.3679811459559845,0.32776915984603866,0.2110075705662002,-0.09570127897368708,0.0582574341230334
7,287,0.012689999999999976,113.30059618849151,1.6234525080306355,-2.0537173957689743,-0.30256378734591616,-0.04886373941824663,0.08793722260862949
7,294,0.004229999999999997,149.93842108822565,0.7220730731641357,0.37096656400174927,-0.4748904297740608,-0.15010524954411644,-0.08410455974249403
7,301,0.005089999999999994,85.62652023533488,0.8520182924487467,-0.10426435846243796,0.45055324696312316,0.0867383451892647,0.0015955646083538194
7,308,0.00869999999999999,94.68737374761024,1.5655256067530372,1.5948649509552357,0.4125412942071703,-0.06482370290456219,0.0026122515762708465
7,315,0.006659999999999992,63.958540908768605,2.6951558583648167,0.9612086918989156,0.6966162974060448,-0.03455668348864283,0.06106842986647035
7,322,0.011739999999999993,94.29768048807404,2.200355340009534,-1.506717622206499,0.03419775712453916,-0.08120996467544642,-0.006522942856077366
7,329,0.006969999999999991,75.55143611125709,2.572741246835585,-2.1874895127011933,0.11446505959907044,0.0380388458510463,0.0054449808638126
7,336,0.014229999999999984,115.31362163535587,1.2409639553749472,-0.08659355987011899,-0.03494892295319255,-0.009801024582533815,-0.0015455966497321394
7,343,0.004039999999999997,87.0992737948513,2.2862171322856377,-3.5545998187975214,0.08870190464358431,0.084763478365689,-0.06674041950006737
7,350,0.01211999999999998,98.74116328036752,1.3685570175837176,0.23619292273388126,0.28361141979570925,-0.11403916140347316,-0.056006183675726025
7,357,0.012369999999999982,107.44712719903265,1.0601090827533683,-0.49929452388567097,0.10066637974771228,0.006436369507653291,-0.06900306943179618
7,364,0.010949999999999986,73.36711181724634,2.7739951032996313,-0.35186029412937647,0.3430942041323599,-0.08420023958002079,0.042992469203188666
7,371,0.009339999999999992,80.77140426003693,2.193977188484275,1.8725205960951625,0.29295619181455673,0.048662073319718724,-0.06938276255592904
7,378,0.013089999999999989,104.84510896131252,1.3176436825327544,-0.38187793054854297,0.21575270392093246,-0.06433407407618379,0.01176137239442367
7,385,0.009219999999999987,96.05999105771599,2.3991296812937106,-1.1327069529012124,-0.31385845129303885,-0.13524707380932738,0.10569948799004755
7,392,0.006379999999999992,103.46764926862551,3.1602837103032146,0.6070536874184402,-0.1114840062203493,-0.16178228041960696,-0.13201468116748868
7,399,0.011479999999999985,116.54061443927674,1.342688833805701,1.897909852078121,-0.22014014350296005,-0.1578984035558021,0.033163849229623815
7,406,0.003159999999999997,48.94789899297503,3.3088358827421356,-1.8434580191179288,0.512757137560357,0.15537660066085204,0.04545714332857788
7,413,0.011149999999999983,75.66588087089198,2.0614095473898137,0.37267734508230577,0.46478332936446853,0.017030719060725504,0.06004994445997715
7,420,0.006719999999999993,101.9205508688497,1.4838172931301654,-2.9179942390766604,0.08918605753466627,-0.12120827671931492,-0.027161956409754523
7,427,0.007309999999999993,88.09186315933614,2.2688706180056677,2.462200965324311,0.036198716055863805,0.08690763244930937,0.03182342122787391
7,434,0.012459999999999983,127.89504565799818,1.3596779268329977,-1.10483716114462,-0.4592202699291737,-0.04316093252747363,-0.051902678813926045
7,441,0.012039999999999986,111.07603344292376,2.0136691104382622,-0.698923593345557,-0.6439357233500256,0.030970461940851783,0.05670901475901935
7,448,0.012079999999999981,88.58797049083078,2.2707615273067643,0.5524442269763727,0.16175828887494875,-0.1100731457596124,-0.012707828783632392
7,455,0.008259999999999991,88.36217466887064,1.419876587925943,-0.4508070418683347,0.6017330919925392,-0.03997730917468166,-0.06343190865360955
7,462,0.00881999999999999,104.49758553904451,2.014412255014696,-2.459342740010623,-0.3255876717061002,-0.18264367392349898,-0.0856320424107355
7,469,0.009229999999999985,115.85347051809576,1.3696942687104783,-2.2709817116240782,-0.5057436920578964,-0.1512917679186259,-0.014472829266090701
7,476,0.012249999999999983,125.54037428983148,1.231982113479719,1.3024436827489676,-0.47746239495056153,-0.08073007554231862,0.013443975854380405
7,483,0.01113999999999998,98.36665135059017,2.2759898314174567,-0.8989566799295287,-0.23266079235470546,-0.12668132054924205,0.006172045824721404
7,490,0.005559999999999992,95.77973825342127,1.8437722914612682,-3.3122861797641785,-0.11841730083841648,0.0584243816985394,0.07095213008776267
7,497,0.011819999999999985,100.29275518287336,2.3398332648146747,0.4750859312175801,-0.25908557837314855,-0.14190681192273968,0.10680136398411132
7,504,0.010989999999999986,108.32993204655114,2.279655612833763,0.8528465561150496,-0.24394885191578874,-0.030384792198826855,0.024047569675867207
7,511,0.008629999999999988,82.88037084170396,2.097725367522875,-2.458480667208059,0.3538565723928846,0.0328338499318951,0.07880019918399027
7,518,0.008869999999999989,85.41682399708947,2.3989327160158997,-1.719968782003453,0.31126182966272964,0.022789997671263496,-0.07408429352939891
7,525,0.003289999999999997,78.36092029127646,0.7416276614801142,0.30407183308138597,0.08632558321272824,-0.06714130447496458,-0.12238678965633493
7,532,0.007839999999999991,107.09220982001699,1.5921671193701403,-2.749205970363073,-0.1954628787195148,-0.08410715129099791,-0.07347534997444795
7,539,0.01399999999999998,122.57376158308918,1.095803566051921,0.9161498086445807,-0.06599193478039106,-0.14136473983041015,0.04524787209699573
7,546,0.010889999999999993,70.24302367611482,2.7458600644018243,0.8122280329413676,0.48524532247142227,0.0053971428583859185,-0.039497791125681275
7,553,0.01457999999999998,124.57164946192268,1.0639002617863622,-1.2409915055660783,-0.3241814051299169,-0.05760472639224474,0.02664936768733829
7,560,0.008469999999999991,67.45249074871971,2.796647843940702,0.7058054940378563,0.4949732802357083,0.03348638037805898,-0.013188652060079943
7,567,0.010929999999999983,87.38762864939885,2.464347836691145,-1.1151692912677478,-0.09593984966379213,-0.09629041236949383,-0.08227657702717243
7,574,0.013269999999999981,117.29402902115307,1.4938376095378807,-0.4065174302079169,-0.42695580103345043,-0.0836878900328613,0.0036830489602463507
7,581,0.005689999999999994,76.62503601760406,2.557434878256403,2.36897037622245,0.2750738824814525,0.06739144159818272,-0.018105337378860012
7,588,0.006959999999999992,64.53127562368338,2.837954293348581,-1.9588890068431442,0.4165972775693526,0.14748171586406322,-0.03493348386375724
7,595,0.014799999999999985,121.45671320468509,1.3249615637364243,-1.38353134336726,-0.45606739481752284,-0.0985393126252013,0.0024809824691928266
7,602,0.01029999999999999,136.51601899614212,1.201150731564699,0.058641703259250666,-0.421057579765934,-0.06615536089156827,-0.08647492629288052
7,609,0.012069999999999987,129.674209484233,1.2118393971548962,0.9481941279811291,-0.3036408838562356,-0.03550100609404642,-0.0427477722173335
7,616,0.014029999999999989,105.92668856040713,1.6693414222166414,0.9508699898192173,-0.4240875648031707,-0.003518381619608383,-0.03678954683760622
7,623,0.011199999999999986,78.55640099810144,2.6099892589544837,1.2106533363092358,0.5720408732620748,-0.01144584949782923,0.03104865527165401
7,630,0.012949999999999984,97.48979464952279,2.4135398537065145,1.0504479737232404,-0.10764426845363641,-0.027108634897495786,-0.05938319366777012
7,637,0.008729999999999993,85.35331450002607,2.6862600186093286,2.074114502359386,0.2835758851423355,-0.060283153664403816,0.006249341479032802
7,644,0.009129999999999989,101.6044373039154,1.7146155148808997,2.110731911650456,-0.37491025543485224,0.03259472111998993,-0.05056777624896443
7,651,0.008829999999999987,110.58345504424891,1.500304025264301,-2.6423782314236792,-0.18873891634466244,-0.00799990543025821,-0.03331291900676285
7,658,0.012149999999999985,81.93006899332669,2.6957986891051577,-0.09944707811344375,0.31933599353304254,-0.10109317231055011,0.06038654546266414
7,665,0.005749999999999993,55.72374590494825,2.948491654204972,-0.9877661208686042,0.6277455213685609,-0.0623962673142367,-0.08097095805493902
7,672,0.015379999999999984,90.15289921034103,2.612238477687349,-0.44567317750597873,-0.06613214814422161,-0.08205365895284578,0.0024021756518814615
7,679,0.008639999999999986,90.19891784564341,1.8809828461428646,-2.3166159301925324,0.3465136777267918,0.023150643802851038,0.12295230332273735
7,686,0.01111999999999999,105.74329730045524,2.185417546092173,-1.05063485310713,-0.09020523083907392,-0.09284532843931317,-0.055675475859415124
7,693,0.013559999999999987,119.07467364827176,1.3576017222855037,0.2973994942498401,-0.3087395389003913,0.10495451270313567,0.00858419902321278
7,700,0.009109999999999988,99.12276402171895,1.8616869536892213,2.2283013887905856,0.12440202537965522,-0.10700288605025794,0.07765704149007314
